-,,,
-,,,
TP1,ARA2201_ARA0,78, 
TP1,ARG1101_BRR0,12, 
TP1,ARI1101_ARI0,81, 
TP1,ARI1102_ARI0,111, 
TP1,ASB0661_HBK0,28, 
TP1,ATI2201_ATI0,74, 
TP1,AVI2201_AVI0,214, 
TP1,BEN2202_BEN0,354, 
TP1,BWK1101_WPI0,55, 
TP1,COL0661_COL0,39, 
TP1,CYD2201_CYD0,464, 
TP1,GLN0332_GLN0,57, 
TP1,HLY2201_HLY1,230, 
TP1,HLY2201_HLY2,240, 
TP1,HLY2201_HLY5,397, 
TP1,HLY2201_HLY6,48, 
TP1,HWA1101_PTA1,11, 
TP1,HWA1101_PTA2,11, 
TP1,HWA1101_PTA3,11, 
TP1,HWA1102_WAA0,35, 
TP1,HWA1102_WAA1,34, 
TP1,HWB0331_WPI0,45, 
TP1,KAW0112_ONU0,60, 
TP1,KAW1101_KAG0,105, 
TP1,KPA1101_KPI1,20, 
TP1,KPO1101_KPO0,96, 
TP1,KUM0661_KUM0,7, 
TP1,MAN2201_MAN0,738, 
TP1,MAT1101_ANI0,25, 
TP1,MAT1101_MAT0,80, 
TP1,MHO0331_MHO0,37, 
TP1,MKE1101_MKE1,100, 
TP1,MTI2201_MTI0,351, 
TP1,NAP2201_NAP0,135, 
TP1,NAP2202_NTM0,85, 
TP1,NSY0331_PAE0,12, 
TP1,OHA2201_OHA0,254, 
TP1,OHB2201_OHB0,206, 
TP1,OHC2201_OHC0,206, 
TP1,OHK2201_OHK0,106, 
TP1,OKI2201_OKI0,40, 
TP1,PPI2201_PPI0,48, 
TP1,ROT1101_WHE0,26, 
TP1,ROX1101_ROX0,126, 
TP1,ROX2201_ROX0,212, 
TP1,RPO2201_RPO0,120, 
TP1,SFD2201_SFD21,104, 
TP1,SFD2201_SFD22,104, 
TP1,SFD2201_SPL0,369, 
TP1,STK0661_COB0,32, 
TP1,TGA0331_KMI0,42, 
TP1,THI2201_THI1,80, 
TP1,THI2201_THI2,81, 
TP1,TKA0111_TKA1,25, 
TP1,TKB2201_TKB1,149, 
TP1,TKU2201_TKU0,240, 
TP1,TUI1101_KTW0,34, 
TP1,TUI1101_PRI0,44, 
TP1,TUI1101_TUI0,60, 
TP1,TWH0331_TRC1,44, 
TP1,WHI2201_WHI0,156, 
TP1,WKM2201_MOK0,103, 
TP1,WKM2201_WKM0,106, 
TP1,WPA2201_WPA0,54, 
TP1,WRK0331_RKA0,34, 
TP1,WRK0331_TAA0,25, 
TP1,WRK2201_WRK0,128, 
TP1,WTK0111_WTK0,105, 
TP2,ARA2201_ARA0,78, 
TP2,ARG1101_BRR0,12, 
TP2,ARI1101_ARI0,81, 
TP2,ARI1102_ARI0,111, 
TP2,ASB0661_HBK0,28, 
TP2,ATI2201_ATI0,74, 
TP2,AVI2201_AVI0,214, 
TP2,BEN2202_BEN0,354, 
TP2,BWK1101_WPI0,55, 
TP2,COL0661_COL0,39, 
TP2,CYD2201_CYD0,464, 
TP2,GLN0332_GLN0,57, 
TP2,HLY2201_HLY1,230, 
TP2,HLY2201_HLY2,240, 
TP2,HLY2201_HLY5,397, 
TP2,HLY2201_HLY6,48, 
TP2,HWA1101_PTA1,11, 
TP2,HWA1101_PTA2,11, 
TP2,HWA1101_PTA3,11, 
TP2,HWA1102_WAA0,35, 
TP2,HWA1102_WAA1,34, 
TP2,HWB0331_WPI0,45, 
TP2,KAW0112_ONU0,60, 
TP2,KAW1101_KAG0,105, 
TP2,KPA1101_KPI1,20, 
TP2,KPO1101_KPO0,96, 
TP2,KUM0661_KUM0,7, 
TP2,MAN2201_MAN0,738, 
TP2,MAT1101_ANI0,25, 
TP2,MAT1101_MAT0,80, 
TP2,MHO0331_MHO0,37, 
TP2,MKE1101_MKE1,100, 
TP2,MTI2201_MTI0,351, 
TP2,NAP2201_NAP0,135, 
TP2,NAP2202_NTM0,85, 
TP2,NSY0331_PAE0,12, 
TP2,OHA2201_OHA0,254, 
TP2,OHB2201_OHB0,206, 
TP2,OHC2201_OHC0,206, 
TP2,OHK2201_OHK0,106, 
TP2,OKI2201_OKI0,40, 
TP2,PPI2201_PPI0,48, 
TP2,ROT1101_WHE0,26, 
TP2,ROX1101_ROX0,126, 
TP2,ROX2201_ROX0,212, 
TP2,RPO2201_RPO0,120, 
TP2,SFD2201_SFD21,104, 
TP2,SFD2201_SFD22,104, 
TP2,SFD2201_SPL0,368, 
TP2,STK0661_COB0,32, 
TP2,TGA0331_KMI0,42, 
TP2,THI2201_THI1,80, 
TP2,THI2201_THI2,81, 
TP2,TKA0111_TKA1,25, 
TP2,TKB2201_TKB1,149, 
TP2,TKU2201_TKU0,240, 
TP2,TUI1101_KTW0,34, 
TP2,TUI1101_PRI0,44, 
TP2,TUI1101_TUI0,60, 
TP2,TWH0331_TRC1,44, 
TP2,WHI2201_WHI0,156, 
TP2,WKM2201_MOK0,103, 
TP2,WKM2201_WKM0,106, 
TP2,WPA2201_WPA0,54, 
TP2,WRK0331_RKA0,34, 
TP2,WRK0331_TAA0,25, 
TP2,WRK2201_WRK0,128, 
TP2,WTK0111_WTK0,105, 
TP3,ARA2201_ARA0,78, 
TP3,ARG1101_BRR0,12, 
TP3,ARI1101_ARI0,81, 
TP3,ARI1102_ARI0,111, 
TP3,ASB0661_HBK0,28, 
TP3,ATI2201_ATI0,74, 
TP3,AVI2201_AVI0,214, 
TP3,BEN2202_BEN0,354, 
TP3,BWK1101_WPI0,55, 
TP3,COL0661_COL0,39, 
TP3,CYD2201_CYD0,464, 
TP3,GLN0332_GLN0,57, 
TP3,HLY2201_HLY1,230, 
TP3,HLY2201_HLY2,240, 
TP3,HLY2201_HLY5,398, 
TP3,HLY2201_HLY6,48, 
TP3,HWA1101_PTA1,11, 
TP3,HWA1101_PTA2,11, 
TP3,HWA1101_PTA3,11, 
TP3,HWA1102_WAA0,35, 
TP3,HWA1102_WAA1,34, 
TP3,HWB0331_WPI0,45, 
TP3,KAW0112_ONU0,60, 
TP3,KAW1101_KAG0,105, 
TP3,KPA1101_KPI1,20, 
TP3,KPO1101_KPO0,96, 
TP3,KUM0661_KUM0,7, 
TP3,MAN2201_MAN0,738, 
TP3,MAT1101_ANI0,25, 
TP3,MAT1101_MAT0,80, 
TP3,MHO0331_MHO0,37, 
TP3,MKE1101_MKE1,100, 
TP3,MTI2201_MTI0,351, 
TP3,NAP2201_NAP0,135, 
TP3,NAP2202_NTM0,85, 
TP3,NSY0331_PAE0,12, 
TP3,OHA2201_OHA0,254, 
TP3,OHB2201_OHB0,206, 
TP3,OHC2201_OHC0,206, 
TP3,OHK2201_OHK0,106, 
TP3,OKI2201_OKI0,40, 
TP3,PPI2201_PPI0,48, 
TP3,ROT1101_WHE0,26, 
TP3,ROX1101_ROX0,126, 
TP3,ROX2201_ROX0,212, 
TP3,RPO2201_RPO0,120, 
TP3,SFD2201_SFD21,104, 
TP3,SFD2201_SFD22,104, 
TP3,SFD2201_SPL0,366, 
TP3,STK0661_COB0,32, 
TP3,TGA0331_KMI0,42, 
TP3,THI2201_THI1,80, 
TP3,THI2201_THI2,81, 
TP3,TKA0111_TKA1,25, 
TP3,TKB2201_TKB1,149, 
TP3,TKU2201_TKU0,240, 
TP3,TUI1101_KTW0,34, 
TP3,TUI1101_PRI0,44, 
TP3,TUI1101_TUI0,60, 
TP3,TWH0331_TRC1,44, 
TP3,WHI2201_WHI0,156, 
TP3,WKM2201_MOK0,106, 
TP3,WKM2201_WKM0,106, 
TP3,WPA2201_WPA0,54, 
TP3,WRK0331_RKA0,34, 
TP3,WRK0331_TAA0,25, 
TP3,WRK2201_WRK0,128, 
TP3,WTK0111_WTK0,105, 
TP4,ARA2201_ARA0,78, 
TP4,ARG1101_BRR0,12, 
TP4,ARI1101_ARI0,81, 
TP4,ARI1102_ARI0,111, 
TP4,ASB0661_HBK0,28, 
TP4,ATI2201_ATI0,74, 
TP4,AVI2201_AVI0,214, 
TP4,BEN2202_BEN0,354, 
TP4,BWK1101_WPI0,55, 
TP4,COL0661_COL0,39, 
TP4,CYD2201_CYD0,464, 
TP4,GLN0332_GLN0,57, 
TP4,HLY2201_HLY1,230, 
TP4,HLY2201_HLY2,240, 
TP4,HLY2201_HLY5,398, 
TP4,HLY2201_HLY6,48, 
TP4,HWA1101_PTA1,11, 
TP4,HWA1101_PTA2,11, 
TP4,HWA1101_PTA3,11, 
TP4,HWA1102_WAA0,35, 
TP4,HWA1102_WAA1,34, 
TP4,HWB0331_WPI0,45, 
TP4,KAW0112_ONU0,60, 
TP4,KAW1101_KAG0,105, 
TP4,KPA1101_KPI1,20, 
TP4,KPO1101_KPO0,96, 
TP4,KUM0661_KUM0,7, 
TP4,MAN2201_MAN0,738, 
TP4,MAT1101_ANI0,25, 
TP4,MAT1101_MAT0,80, 
TP4,MHO0331_MHO0,37, 
TP4,MKE1101_MKE1,100, 
TP4,MTI2201_MTI0,351, 
TP4,NAP2201_NAP0,135, 
TP4,NAP2202_NTM0,85, 
TP4,NSY0331_PAE0,12, 
TP4,OHA2201_OHA0,254, 
TP4,OHB2201_OHB0,206, 
TP4,OHC2201_OHC0,206, 
TP4,OHK2201_OHK0,106, 
TP4,OKI2201_OKI0,40, 
TP4,PPI2201_PPI0,48, 
TP4,ROT1101_WHE0,26, 
TP4,ROX1101_ROX0,126, 
TP4,ROX2201_ROX0,212, 
TP4,RPO2201_RPO0,120, 
TP4,SFD2201_SFD21,104, 
TP4,SFD2201_SFD22,104, 
TP4,SFD2201_SPL0,366, 
TP4,STK0661_COB0,32, 
TP4,TGA0331_KMI0,42, 
TP4,THI2201_THI1,80, 
TP4,THI2201_THI2,81, 
TP4,TKA0111_TKA1,25, 
TP4,TKB2201_TKB1,149, 
TP4,TKU2201_TKU0,240, 
TP4,TUI1101_KTW0,34, 
TP4,TUI1101_PRI0,44, 
TP4,TUI1101_TUI0,60, 
TP4,TWH0331_TRC1,44, 
TP4,WHI2201_WHI0,156, 
TP4,WKM2201_MOK0,106, 
TP4,WKM2201_WKM0,106, 
TP4,WPA2201_WPA0,54, 
TP4,WRK0331_RKA0,35, 
TP4,WRK0331_TAA0,25, 
TP4,WRK2201_WRK0,128, 
TP4,WTK0111_WTK0,105, 
TP5,ARA2201_ARA0,78, 
TP5,ARG1101_BRR0,12, 
TP5,ARI1101_ARI0,81, 
TP5,ARI1102_ARI0,111, 
TP5,ASB0661_HBK0,28, 
TP5,ATI2201_ATI0,74, 
TP5,AVI2201_AVI0,214, 
TP5,BEN2202_BEN0,354, 
TP5,BWK1101_WPI0,55, 
TP5,COL0661_COL0,39, 
TP5,CYD2201_CYD0,464, 
TP5,GLN0332_GLN0,57, 
TP5,HLY2201_HLY1,230, 
TP5,HLY2201_HLY2,240, 
TP5,HLY2201_HLY5,398, 
TP5,HLY2201_HLY6,48, 
TP5,HWA1101_PTA1,11, 
TP5,HWA1101_PTA2,11, 
TP5,HWA1101_PTA3,11, 
TP5,HWA1102_WAA0,35, 
TP5,HWA1102_WAA1,34, 
TP5,HWB0331_WPI0,45, 
TP5,KAW0112_ONU0,60, 
TP5,KAW1101_KAG0,105, 
TP5,KPA1101_KPI1,20, 
TP5,KPO1101_KPO0,96, 
TP5,KUM0661_KUM0,7, 
TP5,MAN2201_MAN0,738, 
TP5,MAT1101_ANI0,25, 
TP5,MAT1101_MAT0,80, 
TP5,MHO0331_MHO0,37, 
TP5,MKE1101_MKE1,100, 
TP5,MTI2201_MTI0,351, 
TP5,NAP2201_NAP0,135, 
TP5,NAP2202_NTM0,85, 
TP5,NSY0331_PAE0,12, 
TP5,OHA2201_OHA0,254, 
TP5,OHB2201_OHB0,206, 
TP5,OHC2201_OHC0,206, 
TP5,OHK2201_OHK0,106, 
TP5,OKI2201_OKI0,40, 
TP5,PPI2201_PPI0,48, 
TP5,ROT1101_WHE0,26, 
TP5,ROX1101_ROX0,126, 
TP5,ROX2201_ROX0,212, 
TP5,RPO2201_RPO0,120, 
TP5,SFD2201_SFD21,104, 
TP5,SFD2201_SFD22,104, 
TP5,SFD2201_SPL0,366, 
TP5,STK0661_COB0,32, 
TP5,TGA0331_KMI0,42, 
TP5,THI2201_THI1,80, 
TP5,THI2201_THI2,81, 
TP5,TKA0111_TKA1,25, 
TP5,TKB2201_TKB1,149, 
TP5,TKU2201_TKU0,240, 
TP5,TUI1101_KTW0,34, 
TP5,TUI1101_PRI0,44, 
TP5,TUI1101_TUI0,60, 
TP5,TWH0331_TRC1,44, 
TP5,WHI2201_WHI0,156, 
TP5,WKM2201_MOK0,106, 
TP5,WKM2201_WKM0,106, 
TP5,WPA2201_WPA0,54, 
TP5,WRK0331_RKA0,35, 
TP5,WRK0331_TAA0,25, 
TP5,WRK2201_WRK0,128, 
TP5,WTK0111_WTK0,105, 
TP6,ARA2201_ARA0,78, 
TP6,ARG1101_BRR0,12, 
TP6,ARI1101_ARI0,81, 
TP6,ARI1102_ARI0,111, 
TP6,ASB0661_HBK0,28, 
TP6,ATI2201_ATI0,74, 
TP6,AVI2201_AVI0,214, 
TP6,BEN2202_BEN0,354, 
TP6,BWK1101_WPI0,55, 
TP6,COL0661_COL0,39, 
TP6,CYD2201_CYD0,464, 
TP6,GLN0332_GLN0,57, 
TP6,HLY2201_HLY1,230, 
TP6,HLY2201_HLY2,240, 
TP6,HLY2201_HLY5,397, 
TP6,HLY2201_HLY6,48, 
TP6,HWA1101_PTA1,11, 
TP6,HWA1101_PTA2,11, 
TP6,HWA1101_PTA3,11, 
TP6,HWA1102_WAA0,35, 
TP6,HWA1102_WAA1,34, 
TP6,HWB0331_WPI0,45, 
TP6,KAW0112_ONU0,60, 
TP6,KAW1101_KAG0,105, 
TP6,KPA1101_KPI1,20, 
TP6,KPO1101_KPO0,96, 
TP6,KUM0661_KUM0,7, 
TP6,MAN2201_MAN0,738, 
TP6,MAT1101_ANI0,25, 
TP6,MAT1101_MAT0,80, 
TP6,MHO0331_MHO0,37, 
TP6,MKE1101_MKE1,100, 
TP6,MTI2201_MTI0,351, 
TP6,NAP2201_NAP0,135, 
TP6,NAP2202_NTM0,85, 
TP6,NSY0331_PAE0,12, 
TP6,OHA2201_OHA0,254, 
TP6,OHB2201_OHB0,206, 
TP6,OHC2201_OHC0,206, 
TP6,OHK2201_OHK0,106, 
TP6,OKI2201_OKI0,40, 
TP6,PPI2201_PPI0,48, 
TP6,ROT1101_WHE0,26, 
TP6,ROX1101_ROX0,126, 
TP6,ROX2201_ROX0,212, 
TP6,RPO2201_RPO0,120, 
TP6,SFD2201_SFD21,104, 
TP6,SFD2201_SFD22,104, 
TP6,SFD2201_SPL0,366, 
TP6,STK0661_COB0,32, 
TP6,TGA0331_KMI0,42, 
TP6,THI2201_THI1,80, 
TP6,THI2201_THI2,81, 
TP6,TKA0111_TKA1,25, 
TP6,TKB2201_TKB1,149, 
TP6,TKU2201_TKU0,240, 
TP6,TUI1101_KTW0,34, 
TP6,TUI1101_PRI0,44, 
TP6,TUI1101_TUI0,60, 
TP6,TWH0331_TRC1,44, 
TP6,WHI2201_WHI0,156, 
TP6,WKM2201_MOK0,106, 
TP6,WKM2201_WKM0,106, 
TP6,WPA2201_WPA0,54, 
TP6,WRK0331_RKA0,35, 
TP6,WRK0331_TAA0,25, 
TP6,WRK2201_WRK0,128, 
TP6,WTK0111_WTK0,105, 
TP7,ARA2201_ARA0,78, 
TP7,ARG1101_BRR0,12, 
TP7,ARI1101_ARI0,81, 
TP7,ARI1102_ARI0,111, 
TP7,ASB0661_HBK0,28, 
TP7,ATI2201_ATI0,74, 
TP7,AVI2201_AVI0,214, 
TP7,BEN2202_BEN0,354, 
TP7,BWK1101_WPI0,55, 
TP7,COL0661_COL0,39, 
TP7,CYD2201_CYD0,464, 
TP7,GLN0332_GLN0,57, 
TP7,HLY2201_HLY1,230, 
TP7,HLY2201_HLY2,240, 
TP7,HLY2201_HLY5,397, 
TP7,HLY2201_HLY6,48, 
TP7,HWA1101_PTA1,11, 
TP7,HWA1101_PTA2,11, 
TP7,HWA1101_PTA3,11, 
TP7,HWA1102_WAA0,35, 
TP7,HWA1102_WAA1,34, 
TP7,HWB0331_WPI0,45, 
TP7,KAW0112_ONU0,60, 
TP7,KAW1101_KAG0,105, 
TP7,KPA1101_KPI1,20, 
TP7,KPO1101_KPO0,96, 
TP7,KUM0661_KUM0,7, 
TP7,MAN2201_MAN0,738, 
TP7,MAT1101_ANI0,25, 
TP7,MAT1101_MAT0,80, 
TP7,MHO0331_MHO0,37, 
TP7,MKE1101_MKE1,100, 
TP7,MTI2201_MTI0,351, 
TP7,NAP2201_NAP0,135, 
TP7,NAP2202_NTM0,85, 
TP7,NSY0331_PAE0,12, 
TP7,OHA2201_OHA0,254, 
TP7,OHB2201_OHB0,206, 
TP7,OHC2201_OHC0,206, 
TP7,OHK2201_OHK0,106, 
TP7,OKI2201_OKI0,40, 
TP7,PPI2201_PPI0,48, 
TP7,ROT1101_WHE0,26, 
TP7,ROX1101_ROX0,126, 
TP7,ROX2201_ROX0,212, 
TP7,RPO2201_RPO0,120, 
TP7,SFD2201_SFD21,104, 
TP7,SFD2201_SFD22,104, 
TP7,SFD2201_SPL0,366, 
TP7,STK0661_COB0,32, 
TP7,TGA0331_KMI0,42, 
TP7,THI2201_THI1,80, 
TP7,THI2201_THI2,81, 
TP7,TKA0111_TKA1,25, 
TP7,TKB2201_TKB1,149, 
TP7,TKU2201_TKU0,240, 
TP7,TUI1101_KTW0,34, 
TP7,TUI1101_PRI0,44, 
TP7,TUI1101_TUI0,60, 
TP7,TWH0331_TRC1,44, 
TP7,WHI2201_WHI0,156, 
TP7,WKM2201_MOK0,106, 
TP7,WKM2201_WKM0,106, 
TP7,WPA2201_WPA0,54, 
TP7,WRK0331_RKA0,35, 
TP7,WRK0331_TAA0,25, 
TP7,WRK2201_WRK0,128, 
TP7,WTK0111_WTK0,105, 
TP8,ARA2201_ARA0,78, 
TP8,ARG1101_BRR0,12, 
TP8,ARI1101_ARI0,81, 
TP8,ARI1102_ARI0,111, 
TP8,ASB0661_HBK0,28, 
TP8,ATI2201_ATI0,74, 
TP8,AVI2201_AVI0,214, 
TP8,BEN2202_BEN0,354, 
TP8,BWK1101_WPI0,55, 
TP8,COL0661_COL0,39, 
TP8,CYD2201_CYD0,464, 
TP8,GLN0332_GLN0,57, 
TP8,HLY2201_HLY1,230, 
TP8,HLY2201_HLY2,240, 
TP8,HLY2201_HLY5,398, 
TP8,HLY2201_HLY6,48, 
TP8,HWA1101_PTA1,11, 
TP8,HWA1101_PTA2,11, 
TP8,HWA1101_PTA3,11, 
TP8,HWA1102_WAA0,35, 
TP8,HWA1102_WAA1,34, 
TP8,HWB0331_WPI0,45, 
TP8,KAW0112_ONU0,60, 
TP8,KAW1101_KAG0,105, 
TP8,KPA1101_KPI1,20, 
TP8,KPO1101_KPO0,96, 
TP8,KUM0661_KUM0,7, 
TP8,MAN2201_MAN0,738, 
TP8,MAT1101_ANI0,25, 
TP8,MAT1101_MAT0,80, 
TP8,MHO0331_MHO0,37, 
TP8,MKE1101_MKE1,100, 
TP8,MTI2201_MTI0,351, 
TP8,NAP2201_NAP0,135, 
TP8,NAP2202_NTM0,85, 
TP8,NSY0331_PAE0,12, 
TP8,OHA2201_OHA0,254, 
TP8,OHB2201_OHB0,206, 
TP8,OHC2201_OHC0,206, 
TP8,OHK2201_OHK0,106, 
TP8,OKI2201_OKI0,40, 
TP8,PPI2201_PPI0,48, 
TP8,ROT1101_WHE0,26, 
TP8,ROX1101_ROX0,125, 
TP8,ROX2201_ROX0,211, 
TP8,RPO2201_RPO0,120, 
TP8,SFD2201_SFD21,104, 
TP8,SFD2201_SFD22,104, 
TP8,SFD2201_SPL0,366, 
TP8,STK0661_COB0,32, 
TP8,TGA0331_KMI0,42, 
TP8,THI2201_THI1,80, 
TP8,THI2201_THI2,81, 
TP8,TKA0111_TKA1,25, 
TP8,TKB2201_TKB1,149, 
TP8,TKU2201_TKU0,240, 
TP8,TUI1101_KTW0,34, 
TP8,TUI1101_PRI0,44, 
TP8,TUI1101_TUI0,60, 
TP8,TWH0331_TRC1,44, 
TP8,WHI2201_WHI0,156, 
TP8,WKM2201_MOK0,106, 
TP8,WKM2201_WKM0,106, 
TP8,WPA2201_WPA0,54, 
TP8,WRK0331_RKA0,35, 
TP8,WRK0331_TAA0,25, 
TP8,WRK2201_WRK0,128, 
TP8,WTK0111_WTK0,105, 
TP9,ARA2201_ARA0,78, 
TP9,ARG1101_BRR0,12, 
TP9,ARI1101_ARI0,81, 
TP9,ARI1102_ARI0,111, 
TP9,ASB0661_HBK0,28, 
TP9,ATI2201_ATI0,74, 
TP9,AVI2201_AVI0,214, 
TP9,BEN2202_BEN0,354, 
TP9,BWK1101_WPI0,55, 
TP9,COL0661_COL0,39, 
TP9,CYD2201_CYD0,464, 
TP9,GLN0332_GLN0,57, 
TP9,HLY2201_HLY1,230, 
TP9,HLY2201_HLY2,240, 
TP9,HLY2201_HLY5,398, 
TP9,HLY2201_HLY6,48, 
TP9,HWA1101_PTA1,11, 
TP9,HWA1101_PTA2,11, 
TP9,HWA1101_PTA3,11, 
TP9,HWA1102_WAA0,35, 
TP9,HWA1102_WAA1,34, 
TP9,HWB0331_WPI0,45, 
TP9,KAW0112_ONU0,60, 
TP9,KAW1101_KAG0,105, 
TP9,KPA1101_KPI1,20, 
TP9,KPO1101_KPO0,96, 
TP9,KUM0661_KUM0,7, 
TP9,MAN2201_MAN0,738, 
TP9,MAT1101_ANI0,25, 
TP9,MAT1101_MAT0,80, 
TP9,MHO0331_MHO0,37, 
TP9,MKE1101_MKE1,100, 
TP9,MTI2201_MTI0,351, 
TP9,NAP2201_NAP0,135, 
TP9,NAP2202_NTM0,85, 
TP9,NSY0331_PAE0,12, 
TP9,OHA2201_OHA0,254, 
TP9,OHB2201_OHB0,206, 
TP9,OHC2201_OHC0,206, 
TP9,OHK2201_OHK0,106, 
TP9,OKI2201_OKI0,40, 
TP9,PPI2201_PPI0,48, 
TP9,ROT1101_WHE0,26, 
TP9,ROX1101_ROX0,125, 
TP9,ROX2201_ROX0,211, 
TP9,RPO2201_RPO0,120, 
TP9,SFD2201_SFD21,104, 
TP9,SFD2201_SFD22,104, 
TP9,SFD2201_SPL0,366, 
TP9,STK0661_COB0,32, 
TP9,TGA0331_KMI0,42, 
TP9,THI2201_THI1,80, 
TP9,THI2201_THI2,81, 
TP9,TKA0111_TKA1,25, 
TP9,TKB2201_TKB1,149, 
TP9,TKU2201_TKU0,240, 
TP9,TUI1101_KTW0,34, 
TP9,TUI1101_PRI0,44, 
TP9,TUI1101_TUI0,60, 
TP9,TWH0331_TRC1,44, 
TP9,WHI2201_WHI0,156, 
TP9,WKM2201_MOK0,106, 
TP9,WKM2201_WKM0,106, 
TP9,WPA2201_WPA0,54, 
TP9,WRK0331_RKA0,35, 
TP9,WRK0331_TAA0,25, 
TP9,WRK2201_WRK0,128, 
TP9,WTK0111_WTK0,105, 
TP10,ARA2201_ARA0,78, 
TP10,ARG1101_BRR0,12, 
TP10,ARI1101_ARI0,81, 
TP10,ARI1102_ARI0,111, 
TP10,ASB0661_HBK0,28, 
TP10,ATI2201_ATI0,74, 
TP10,AVI2201_AVI0,214, 
TP10,BEN2202_BEN0,354, 
TP10,BWK1101_WPI0,55, 
TP10,COL0661_COL0,39, 
TP10,CYD2201_CYD0,464, 
TP10,GLN0332_GLN0,57, 
TP10,HLY2201_HLY1,230, 
TP10,HLY2201_HLY2,240, 
TP10,HLY2201_HLY5,398, 
TP10,HLY2201_HLY6,48, 
TP10,HWA1101_PTA1,11, 
TP10,HWA1101_PTA2,11, 
TP10,HWA1101_PTA3,11, 
TP10,HWA1102_WAA0,35, 
TP10,HWA1102_WAA1,34, 
TP10,HWB0331_WPI0,45, 
TP10,KAW0112_ONU0,60, 
TP10,KAW1101_KAG0,105, 
TP10,KPA1101_KPI1,20, 
TP10,KPO1101_KPO0,96, 
TP10,KUM0661_KUM0,7, 
TP10,MAN2201_MAN0,738, 
TP10,MAT1101_ANI0,25, 
TP10,MAT1101_MAT0,80, 
TP10,MHO0331_MHO0,37, 
TP10,MKE1101_MKE1,100, 
TP10,MTI2201_MTI0,351, 
TP10,NAP2201_NAP0,135, 
TP10,NAP2202_NTM0,85, 
TP10,NSY0331_PAE0,12, 
TP10,OHA2201_OHA0,254, 
TP10,OHB2201_OHB0,206, 
TP10,OHC2201_OHC0,206, 
TP10,OHK2201_OHK0,106, 
TP10,OKI2201_OKI0,40, 
TP10,PPI2201_PPI0,48, 
TP10,ROT1101_WHE0,26, 
TP10,ROX1101_ROX0,125, 
TP10,ROX2201_ROX0,211, 
TP10,RPO2201_RPO0,120, 
TP10,SFD2201_SFD21,104, 
TP10,SFD2201_SFD22,104, 
TP10,SFD2201_SPL0,367, 
TP10,STK0661_COB0,32, 
TP10,TGA0331_KMI0,42, 
TP10,THI2201_THI1,80, 
TP10,THI2201_THI2,81, 
TP10,TKA0111_TKA1,25, 
TP10,TKB2201_TKB1,149, 
TP10,TKU2201_TKU0,240, 
TP10,TUI1101_KTW0,34, 
TP10,TUI1101_PRI0,44, 
TP10,TUI1101_TUI0,60, 
TP10,TWH0331_TRC1,44, 
TP10,WHI2201_WHI0,156, 
TP10,WKM2201_MOK0,107, 
TP10,WKM2201_WKM0,106, 
TP10,WPA2201_WPA0,54, 
TP10,WRK0331_RKA0,35, 
TP10,WRK0331_TAA0,25, 
TP10,WRK2201_WRK0,128, 
TP10,WTK0111_WTK0,105, 
TP11,ARA2201_ARA0,78, 
TP11,ARG1101_BRR0,12, 
TP11,ARI1101_ARI0,81, 
TP11,ARI1102_ARI0,111, 
TP11,ASB0661_HBK0,28, 
TP11,ATI2201_ATI0,74, 
TP11,AVI2201_AVI0,214, 
TP11,BEN2202_BEN0,354, 
TP11,BWK1101_WPI0,55, 
TP11,COL0661_COL0,39, 
TP11,CYD2201_CYD0,464, 
TP11,GLN0332_GLN0,57, 
TP11,HLY2201_HLY1,230, 
TP11,HLY2201_HLY2,240, 
TP11,HLY2201_HLY5,398, 
TP11,HLY2201_HLY6,48, 
TP11,HWA1101_PTA1,11, 
TP11,HWA1101_PTA2,11, 
TP11,HWA1101_PTA3,11, 
TP11,HWA1102_WAA0,35, 
TP11,HWA1102_WAA1,34, 
TP11,HWB0331_WPI0,45, 
TP11,KAW0112_ONU0,60, 
TP11,KAW1101_KAG0,105, 
TP11,KPA1101_KPI1,20, 
TP11,KPO1101_KPO0,96, 
TP11,KUM0661_KUM0,7, 
TP11,MAN2201_MAN0,738, 
TP11,MAT1101_ANI0,25, 
TP11,MAT1101_MAT0,80, 
TP11,MHO0331_MHO0,37, 
TP11,MKE1101_MKE1,100, 
TP11,MTI2201_MTI0,351, 
TP11,NAP2201_NAP0,135, 
TP11,NAP2202_NTM0,85, 
TP11,NSY0331_PAE0,12, 
TP11,OHA2201_OHA0,254, 
TP11,OHB2201_OHB0,206, 
TP11,OHC2201_OHC0,206, 
TP11,OHK2201_OHK0,106, 
TP11,OKI2201_OKI0,40, 
TP11,PPI2201_PPI0,48, 
TP11,ROT1101_WHE0,26, 
TP11,ROX1101_ROX0,125, 
TP11,ROX2201_ROX0,211, 
TP11,RPO2201_RPO0,120, 
TP11,SFD2201_SFD21,104, 
TP11,SFD2201_SFD22,104, 
TP11,SFD2201_SPL0,367, 
TP11,STK0661_COB0,32, 
TP11,TGA0331_KMI0,42, 
TP11,THI2201_THI1,80, 
TP11,THI2201_THI2,81, 
TP11,TKA0111_TKA1,25, 
TP11,TKB2201_TKB1,149, 
TP11,TKU2201_TKU0,240, 
TP11,TUI1101_KTW0,34, 
TP11,TUI1101_PRI0,44, 
TP11,TUI1101_TUI0,60, 
TP11,TWH0331_TRC1,44, 
TP11,WHI2201_WHI0,156, 
TP11,WKM2201_MOK0,107, 
TP11,WKM2201_WKM0,106, 
TP11,WPA2201_WPA0,54, 
TP11,WRK0331_RKA0,35, 
TP11,WRK0331_TAA0,25, 
TP11,WRK2201_WRK0,128, 
TP11,WTK0111_WTK0,105, 
TP12,ARA2201_ARA0,78, 
TP12,ARG1101_BRR0,12, 
TP12,ARI1101_ARI0,81, 
TP12,ARI1102_ARI0,111, 
TP12,ASB0661_HBK0,28, 
TP12,ATI2201_ATI0,74, 
TP12,AVI2201_AVI0,214, 
TP12,BEN2202_BEN0,354, 
TP12,BWK1101_WPI0,55, 
TP12,COL0661_COL0,39, 
TP12,CYD2201_CYD0,464, 
TP12,GLN0332_GLN0,57, 
TP12,HLY2201_HLY1,230, 
TP12,HLY2201_HLY2,240, 
TP12,HLY2201_HLY5,398, 
TP12,HLY2201_HLY6,48, 
TP12,HWA1101_PTA1,11, 
TP12,HWA1101_PTA2,11, 
TP12,HWA1101_PTA3,11, 
TP12,HWA1102_WAA0,35, 
TP12,HWA1102_WAA1,34, 
TP12,HWB0331_WPI0,45, 
TP12,KAW0112_ONU0,60, 
TP12,KAW1101_KAG0,105, 
TP12,KPA1101_KPI1,20, 
TP12,KPO1101_KPO0,96, 
TP12,KUM0661_KUM0,7, 
TP12,MAN2201_MAN0,738, 
TP12,MAT1101_ANI0,25, 
TP12,MAT1101_MAT0,80, 
TP12,MHO0331_MHO0,37, 
TP12,MKE1101_MKE1,100, 
TP12,MTI2201_MTI0,351, 
TP12,NAP2201_NAP0,135, 
TP12,NAP2202_NTM0,85, 
TP12,NSY0331_PAE0,12, 
TP12,OHA2201_OHA0,254, 
TP12,OHB2201_OHB0,206, 
TP12,OHC2201_OHC0,206, 
TP12,OHK2201_OHK0,106, 
TP12,OKI2201_OKI0,40, 
TP12,PPI2201_PPI0,48, 
TP12,ROT1101_WHE0,26, 
TP12,ROX1101_ROX0,124, 
TP12,ROX2201_ROX0,210, 
TP12,RPO2201_RPO0,120, 
TP12,SFD2201_SFD21,104, 
TP12,SFD2201_SFD22,104, 
TP12,SFD2201_SPL0,367, 
TP12,STK0661_COB0,32, 
TP12,TGA0331_KMI0,42, 
TP12,THI2201_THI1,80, 
TP12,THI2201_THI2,81, 
TP12,TKA0111_TKA1,25, 
TP12,TKB2201_TKB1,149, 
TP12,TKU2201_TKU0,240, 
TP12,TUI1101_KTW0,34, 
TP12,TUI1101_PRI0,44, 
TP12,TUI1101_TUI0,60, 
TP12,TWH0331_TRC1,44, 
TP12,WHI2201_WHI0,156, 
TP12,WKM2201_MOK0,107, 
TP12,WKM2201_WKM0,106, 
TP12,WPA2201_WPA0,54, 
TP12,WRK0331_RKA0,35, 
TP12,WRK0331_TAA0,25, 
TP12,WRK2201_WRK0,128, 
TP12,WTK0111_WTK0,105, 
TP13,ARA2201_ARA0,78, 
TP13,ARG1101_BRR0,12, 
TP13,ARI1101_ARI0,81, 
TP13,ARI1102_ARI0,111, 
TP13,ASB0661_HBK0,28, 
TP13,ATI2201_ATI0,74, 
TP13,AVI2201_AVI0,214, 
TP13,BEN2202_BEN0,354, 
TP13,BWK1101_WPI0,55, 
TP13,COL0661_COL0,39, 
TP13,CYD2201_CYD0,464, 
TP13,GLN0332_GLN0,57, 
TP13,HLY2201_HLY1,230, 
TP13,HLY2201_HLY2,240, 
TP13,HLY2201_HLY5,398, 
TP13,HLY2201_HLY6,48, 
TP13,HWA1101_PTA1,11, 
TP13,HWA1101_PTA2,11, 
TP13,HWA1101_PTA3,11, 
TP13,HWA1102_WAA0,35, 
TP13,HWA1102_WAA1,34, 
TP13,HWB0331_WPI0,45, 
TP13,KAW0112_ONU0,60, 
TP13,KAW1101_KAG0,105, 
TP13,KPA1101_KPI1,20, 
TP13,KPO1101_KPO0,96, 
TP13,KUM0661_KUM0,7, 
TP13,MAN2201_MAN0,615, 
TP13,MAT1101_ANI0,25, 
TP13,MAT1101_MAT0,80, 
TP13,MHO0331_MHO0,37, 
TP13,MKE1101_MKE1,100, 
TP13,MTI2201_MTI0,351, 
TP13,NAP2201_NAP0,135, 
TP13,NAP2202_NTM0,85, 
TP13,NSY0331_PAE0,12, 
TP13,OHA2201_OHA0,254, 
TP13,OHB2201_OHB0,206, 
TP13,OHC2201_OHC0,206, 
TP13,OHK2201_OHK0,106, 
TP13,OKI2201_OKI0,40, 
TP13,PPI2201_PPI0,48, 
TP13,ROT1101_WHE0,26, 
TP13,ROX1101_ROX0,124, 
TP13,ROX2201_ROX0,210, 
TP13,RPO2201_RPO0,120, 
TP13,SFD2201_SFD21,104, 
TP13,SFD2201_SFD22,104, 
TP13,SFD2201_SPL0,367, 
TP13,STK0661_COB0,32, 
TP13,TGA0331_KMI0,42, 
TP13,THI2201_THI1,80, 
TP13,THI2201_THI2,81, 
TP13,TKA0111_TKA1,25, 
TP13,TKB2201_TKB1,149, 
TP13,TKU2201_TKU0,240, 
TP13,TUI1101_KTW0,34, 
TP13,TUI1101_PRI0,44, 
TP13,TUI1101_TUI0,60, 
TP13,TWH0331_TRC1,44, 
TP13,WHI2201_WHI0,156, 
TP13,WKM2201_MOK0,107, 
TP13,WKM2201_WKM0,106, 
TP13,WPA2201_WPA0,54, 
TP13,WRK0331_RKA0,35, 
TP13,WRK0331_TAA0,25, 
TP13,WRK2201_WRK0,128, 
TP13,WTK0111_WTK0,105, 
TP14,ARA2201_ARA0,78, 
TP14,ARG1101_BRR0,12, 
TP14,ARI1101_ARI0,81, 
TP14,ARI1102_ARI0,111, 
TP14,ASB0661_HBK0,28, 
TP14,ATI2201_ATI0,74, 
TP14,AVI2201_AVI0,214, 
TP14,BEN2202_BEN0,354, 
TP14,BWK1101_WPI0,55, 
TP14,COL0661_COL0,39, 
TP14,CYD2201_CYD0,464, 
TP14,GLN0332_GLN0,57, 
TP14,HLY2201_HLY1,230, 
TP14,HLY2201_HLY2,240, 
TP14,HLY2201_HLY5,399, 
TP14,HLY2201_HLY6,48, 
TP14,HWA1101_PTA1,11, 
TP14,HWA1101_PTA2,11, 
TP14,HWA1101_PTA3,11, 
TP14,HWA1102_WAA0,35, 
TP14,HWA1102_WAA1,34, 
TP14,HWB0331_WPI0,45, 
TP14,KAW0112_ONU0,60, 
TP14,KAW1101_KAG0,105, 
TP14,KPA1101_KPI1,20, 
TP14,KPO1101_KPO0,96, 
TP14,KUM0661_KUM0,7, 
TP14,MAN2201_MAN0,615, 
TP14,MAT1101_ANI0,25, 
TP14,MAT1101_MAT0,80, 
TP14,MHO0331_MHO0,37, 
TP14,MKE1101_MKE1,100, 
TP14,MTI2201_MTI0,351, 
TP14,NAP2201_NAP0,135, 
TP14,NAP2202_NTM0,85, 
TP14,NSY0331_PAE0,12, 
TP14,OHA2201_OHA0,254, 
TP14,OHB2201_OHB0,206, 
TP14,OHC2201_OHC0,206, 
TP14,OHK2201_OHK0,106, 
TP14,OKI2201_OKI0,40, 
TP14,PPI2201_PPI0,48, 
TP14,ROT1101_WHE0,26, 
TP14,ROX1101_ROX0,86, 
TP14,ROX2201_ROX0,212, 
TP14,RPO2201_RPO0,120, 
TP14,SFD2201_SFD21,104, 
TP14,SFD2201_SFD22,104, 
TP14,SFD2201_SPL0,367, 
TP14,STK0661_COB0,32, 
TP14,TGA0331_KMI0,42, 
TP14,THI2201_THI1,80, 
TP14,THI2201_THI2,81, 
TP14,TKA0111_TKA1,25, 
TP14,TKB2201_TKB1,149, 
TP14,TKU2201_TKU0,240, 
TP14,TUI1101_KTW0,34, 
TP14,TUI1101_PRI0,44, 
TP14,TUI1101_TUI0,60, 
TP14,TWH0331_TRC1,44, 
TP14,WHI2201_WHI0,156, 
TP14,WKM2201_MOK0,103, 
TP14,WKM2201_WKM0,106, 
TP14,WPA2201_WPA0,54, 
TP14,WRK0331_RKA0,34, 
TP14,WRK0331_TAA0,25, 
TP14,WRK2201_WRK0,128, 
TP14,WTK0111_WTK0,105, 
TP15,ARA2201_ARA0,78, 
TP15,ARG1101_BRR0,12, 
TP15,ARI1101_ARI0,81, 
TP15,ARI1102_ARI0,111, 
TP15,ASB0661_HBK0,28, 
TP15,ATI2201_ATI0,74, 
TP15,AVI2201_AVI0,214, 
TP15,BEN2202_BEN0,354, 
TP15,BWK1101_WPI0,55, 
TP15,COL0661_COL0,39, 
TP15,CYD2201_CYD0,464, 
TP15,GLN0332_GLN0,57, 
TP15,HLY2201_HLY1,230, 
TP15,HLY2201_HLY2,240, 
TP15,HLY2201_HLY5,399, 
TP15,HLY2201_HLY6,48, 
TP15,HWA1101_PTA1,11, 
TP15,HWA1101_PTA2,11, 
TP15,HWA1101_PTA3,11, 
TP15,HWA1102_WAA0,35, 
TP15,HWA1102_WAA1,34, 
TP15,HWB0331_WPI0,45, 
TP15,KAW0112_ONU0,60, 
TP15,KAW1101_KAG0,105, 
TP15,KPA1101_KPI1,20, 
TP15,KPO1101_KPO0,96, 
TP15,KUM0661_KUM0,7, 
TP15,MAN2201_MAN0,615, 
TP15,MAT1101_ANI0,25, 
TP15,MAT1101_MAT0,80, 
TP15,MHO0331_MHO0,37, 
TP15,MKE1101_MKE1,100, 
TP15,MTI2201_MTI0,351, 
TP15,NAP2201_NAP0,135, 
TP15,NAP2202_NTM0,85, 
TP15,NSY0331_PAE0,12, 
TP15,OHA2201_OHA0,254, 
TP15,OHB2201_OHB0,206, 
TP15,OHC2201_OHC0,206, 
TP15,OHK2201_OHK0,106, 
TP15,OKI2201_OKI0,40, 
TP15,PPI2201_PPI0,48, 
TP15,ROT1101_WHE0,26, 
TP15,ROX1101_ROX0,86, 
TP15,ROX2201_ROX0,212, 
TP15,RPO2201_RPO0,120, 
TP15,SFD2201_SFD21,104, 
TP15,SFD2201_SFD22,104, 
TP15,SFD2201_SPL0,367, 
TP15,STK0661_COB0,32, 
TP15,TGA0331_KMI0,42, 
TP15,THI2201_THI1,80, 
TP15,THI2201_THI2,81, 
TP15,TKA0111_TKA1,25, 
TP15,TKB2201_TKB1,149, 
TP15,TKU2201_TKU0,240, 
TP15,TUI1101_KTW0,34, 
TP15,TUI1101_PRI0,44, 
TP15,TUI1101_TUI0,60, 
TP15,TWH0331_TRC1,44, 
TP15,WHI2201_WHI0,156, 
TP15,WKM2201_MOK0,102, 
TP15,WKM2201_WKM0,106, 
TP15,WPA2201_WPA0,54, 
TP15,WRK0331_RKA0,34, 
TP15,WRK0331_TAA0,25, 
TP15,WRK2201_WRK0,128, 
TP15,WTK0111_WTK0,105, 
TP16,ARA2201_ARA0,78, 
TP16,ARG1101_BRR0,12, 
TP16,ARI1101_ARI0,81, 
TP16,ARI1102_ARI0,111, 
TP16,ASB0661_HBK0,28, 
TP16,ATI2201_ATI0,74, 
TP16,AVI2201_AVI0,214, 
TP16,BEN2202_BEN0,354, 
TP16,BWK1101_WPI0,55, 
TP16,COL0661_COL0,39, 
TP16,CYD2201_CYD0,464, 
TP16,GLN0332_GLN0,64, 
TP16,HLY2201_HLY1,230, 
TP16,HLY2201_HLY2,240, 
TP16,HLY2201_HLY5,397, 
TP16,HLY2201_HLY6,48, 
TP16,HWA1101_PTA1,11, 
TP16,HWA1101_PTA2,11, 
TP16,HWA1101_PTA3,11, 
TP16,HWA1102_WAA0,35, 
TP16,HWA1102_WAA1,34, 
TP16,HWB0331_WPI0,45, 
TP16,KAW0112_ONU0,60, 
TP16,KAW1101_KAG0,105, 
TP16,KPA1101_KPI1,20, 
TP16,KPO1101_KPO0,96, 
TP16,KUM0661_KUM0,7, 
TP16,MAN2201_MAN0,615, 
TP16,MAT1101_ANI0,25, 
TP16,MAT1101_MAT0,80, 
TP16,MHO0331_MHO0,37, 
TP16,MKE1101_MKE1,100, 
TP16,MTI2201_MTI0,351, 
TP16,NAP2201_NAP0,135, 
TP16,NAP2202_NTM0,85, 
TP16,NSY0331_PAE0,12, 
TP16,OHA2201_OHA0,254, 
TP16,OHB2201_OHB0,206, 
TP16,OHC2201_OHC0,206, 
TP16,OHK2201_OHK0,106, 
TP16,OKI2201_OKI0,40, 
TP16,PPI2201_PPI0,48, 
TP16,ROT1101_WHE0,26, 
TP16,ROX1101_ROX0,86, 
TP16,ROX2201_ROX0,211, 
TP16,RPO2201_RPO0,120, 
TP16,SFD2201_SFD21,104, 
TP16,SFD2201_SFD22,104, 
TP16,SFD2201_SPL0,367, 
TP16,STK0661_COB0,32, 
TP16,TGA0331_KMI0,42, 
TP16,THI2201_THI1,80, 
TP16,THI2201_THI2,81, 
TP16,TKA0111_TKA1,25, 
TP16,TKB2201_TKB1,149, 
TP16,TKU2201_TKU0,240, 
TP16,TUI1101_KTW0,34, 
TP16,TUI1101_PRI0,44, 
TP16,TUI1101_TUI0,60, 
TP16,TWH0331_TRC1,44, 
TP16,WHI2201_WHI0,156, 
TP16,WKM2201_MOK0,102, 
TP16,WKM2201_WKM0,106, 
TP16,WPA2201_WPA0,54, 
TP16,WRK0331_RKA0,34, 
TP16,WRK0331_TAA0,24, 
TP16,WRK2201_WRK0,128, 
TP16,WTK0111_WTK0,105, 
TP17,ARA2201_ARA0,78, 
TP17,ARG1101_BRR0,12, 
TP17,ARI1101_ARI0,81, 
TP17,ARI1102_ARI0,111, 
TP17,ASB0661_HBK0,28, 
TP17,ATI2201_ATI0,74, 
TP17,AVI2201_AVI0,214, 
TP17,BEN2202_BEN0,354, 
TP17,BWK1101_WPI0,55, 
TP17,COL0661_COL0,39, 
TP17,CYD2201_CYD0,464, 
TP17,GLN0332_GLN0,64, 
TP17,HLY2201_HLY1,230, 
TP17,HLY2201_HLY2,240, 
TP17,HLY2201_HLY5,397, 
TP17,HLY2201_HLY6,48, 
TP17,HWA1101_PTA1,11, 
TP17,HWA1101_PTA2,11, 
TP17,HWA1101_PTA3,11, 
TP17,HWA1102_WAA0,35, 
TP17,HWA1102_WAA1,34, 
TP17,HWB0331_WPI0,45, 
TP17,KAW0112_ONU0,60, 
TP17,KAW1101_KAG0,105, 
TP17,KPA1101_KPI1,20, 
TP17,KPO1101_KPO0,96, 
TP17,KUM0661_KUM0,7, 
TP17,MAN2201_MAN0,615, 
TP17,MAT1101_ANI0,25, 
TP17,MAT1101_MAT0,80, 
TP17,MHO0331_MHO0,37, 
TP17,MKE1101_MKE1,100, 
TP17,MTI2201_MTI0,351, 
TP17,NAP2201_NAP0,135, 
TP17,NAP2202_NTM0,85, 
TP17,NSY0331_PAE0,12, 
TP17,OHA2201_OHA0,254, 
TP17,OHB2201_OHB0,206, 
TP17,OHC2201_OHC0,206, 
TP17,OHK2201_OHK0,106, 
TP17,OKI2201_OKI0,40, 
TP17,PPI2201_PPI0,48, 
TP17,ROT1101_WHE0,26, 
TP17,ROX1101_ROX0,85, 
TP17,ROX2201_ROX0,211, 
TP17,RPO2201_RPO0,120, 
TP17,SFD2201_SFD21,104, 
TP17,SFD2201_SFD22,104, 
TP17,SFD2201_SPL0,367, 
TP17,STK0661_COB0,32, 
TP17,TGA0331_KMI0,42, 
TP17,THI2201_THI1,80, 
TP17,THI2201_THI2,81, 
TP17,TKA0111_TKA1,25, 
TP17,TKB2201_TKB1,149, 
TP17,TKU2201_TKU0,240, 
TP17,TUI1101_KTW0,34, 
TP17,TUI1101_PRI0,44, 
TP17,TUI1101_TUI0,60, 
TP17,TWH0331_TRC1,44, 
TP17,WHI2201_WHI0,156, 
TP17,WKM2201_MOK0,103, 
TP17,WKM2201_WKM0,106, 
TP17,WPA2201_WPA0,54, 
TP17,WRK0331_RKA0,35, 
TP17,WRK0331_TAA0,24, 
TP17,WRK2201_WRK0,128, 
TP17,WTK0111_WTK0,105, 
TP18,ARA2201_ARA0,78, 
TP18,ARG1101_BRR0,12, 
TP18,ARI1101_ARI0,81, 
TP18,ARI1102_ARI0,111, 
TP18,ASB0661_HBK0,28, 
TP18,ATI2201_ATI0,74, 
TP18,AVI2201_AVI0,214, 
TP18,BEN2202_BEN0,354, 
TP18,BWK1101_WPI0,55, 
TP18,COL0661_COL0,39, 
TP18,CYD2201_CYD0,464, 
TP18,GLN0332_GLN0,64, 
TP18,HLY2201_HLY1,230, 
TP18,HLY2201_HLY2,240, 
TP18,HLY2201_HLY5,398, 
TP18,HLY2201_HLY6,48, 
TP18,HWA1101_PTA1,11, 
TP18,HWA1101_PTA2,11, 
TP18,HWA1101_PTA3,11, 
TP18,HWA1102_WAA0,35, 
TP18,HWA1102_WAA1,34, 
TP18,HWB0331_WPI0,45, 
TP18,KAW0112_ONU0,60, 
TP18,KAW1101_KAG0,105, 
TP18,KPA1101_KPI1,20, 
TP18,KPO1101_KPO0,96, 
TP18,KUM0661_KUM0,7, 
TP18,MAN2201_MAN0,615, 
TP18,MAT1101_ANI0,25, 
TP18,MAT1101_MAT0,80, 
TP18,MHO0331_MHO0,37, 
TP18,MKE1101_MKE1,100, 
TP18,MTI2201_MTI0,351, 
TP18,NAP2201_NAP0,135, 
TP18,NAP2202_NTM0,85, 
TP18,NSY0331_PAE0,12, 
TP18,OHA2201_OHA0,254, 
TP18,OHB2201_OHB0,206, 
TP18,OHC2201_OHC0,206, 
TP18,OHK2201_OHK0,106, 
TP18,OKI2201_OKI0,40, 
TP18,PPI2201_PPI0,48, 
TP18,ROT1101_WHE0,26, 
TP18,ROX1101_ROX0,85, 
TP18,ROX2201_ROX0,211, 
TP18,RPO2201_RPO0,120, 
TP18,SFD2201_SFD21,104, 
TP18,SFD2201_SFD22,104, 
TP18,SFD2201_SPL0,367, 
TP18,STK0661_COB0,32, 
TP18,TGA0331_KMI0,42, 
TP18,THI2201_THI1,79, 
TP18,THI2201_THI2,81, 
TP18,TKA0111_TKA1,25, 
TP18,TKB2201_TKB1,149, 
TP18,TKU2201_TKU0,240, 
TP18,TUI1101_KTW0,34, 
TP18,TUI1101_PRI0,44, 
TP18,TUI1101_TUI0,60, 
TP18,TWH0331_TRC1,44, 
TP18,WHI2201_WHI0,156, 
TP18,WKM2201_MOK0,103, 
TP18,WKM2201_WKM0,106, 
TP18,WPA2201_WPA0,54, 
TP18,WRK0331_RKA0,35, 
TP18,WRK0331_TAA0,24, 
TP18,WRK2201_WRK0,128, 
TP18,WTK0111_WTK0,105, 
TP19,ARA2201_ARA0,78, 
TP19,ARG1101_BRR0,12, 
TP19,ARI1101_ARI0,81, 
TP19,ARI1102_ARI0,111, 
TP19,ASB0661_HBK0,28, 
TP19,ATI2201_ATI0,74, 
TP19,AVI2201_AVI0,214, 
TP19,BEN2202_BEN0,354, 
TP19,BWK1101_WPI0,55, 
TP19,COL0661_COL0,39, 
TP19,CYD2201_CYD0,464, 
TP19,GLN0332_GLN0,64, 
TP19,HLY2201_HLY1,230, 
TP19,HLY2201_HLY2,240, 
TP19,HLY2201_HLY5,398, 
TP19,HLY2201_HLY6,48, 
TP19,HWA1101_PTA1,11, 
TP19,HWA1101_PTA2,11, 
TP19,HWA1101_PTA3,11, 
TP19,HWA1102_WAA0,35, 
TP19,HWA1102_WAA1,34, 
TP19,HWB0331_WPI0,45, 
TP19,KAW0112_ONU0,60, 
TP19,KAW1101_KAG0,105, 
TP19,KPA1101_KPI1,20, 
TP19,KPO1101_KPO0,96, 
TP19,KUM0661_KUM0,7, 
TP19,MAN2201_MAN0,615, 
TP19,MAT1101_ANI0,25, 
TP19,MAT1101_MAT0,80, 
TP19,MHO0331_MHO0,37, 
TP19,MKE1101_MKE1,100, 
TP19,MTI2201_MTI0,316, 
TP19,NAP2201_NAP0,135, 
TP19,NAP2202_NTM0,85, 
TP19,NSY0331_PAE0,12, 
TP19,OHA2201_OHA0,254, 
TP19,OHB2201_OHB0,206, 
TP19,OHC2201_OHC0,206, 
TP19,OHK2201_OHK0,106, 
TP19,OKI2201_OKI0,40, 
TP19,PPI2201_PPI0,48, 
TP19,ROT1101_WHE0,26, 
TP19,ROX1101_ROX0,85, 
TP19,ROX2201_ROX0,211, 
TP19,RPO2201_RPO0,120, 
TP19,SFD2201_SFD21,104, 
TP19,SFD2201_SFD22,104, 
TP19,SFD2201_SPL0,366, 
TP19,STK0661_COB0,32, 
TP19,TGA0331_KMI0,42, 
TP19,THI2201_THI1,79, 
TP19,THI2201_THI2,81, 
TP19,TKA0111_TKA1,25, 
TP19,TKB2201_TKB1,149, 
TP19,TKU2201_TKU0,240, 
TP19,TUI1101_KTW0,34, 
TP19,TUI1101_PRI0,44, 
TP19,TUI1101_TUI0,60, 
TP19,TWH0331_TRC1,46, 
TP19,WHI2201_WHI0,156, 
TP19,WKM2201_MOK0,103, 
TP19,WKM2201_WKM0,106, 
TP19,WPA2201_WPA0,36, 
TP19,WRK0331_RKA0,35, 
TP19,WRK0331_TAA0,24, 
TP19,WRK2201_WRK0,128, 
TP19,WTK0111_WTK0,105, 
TP20,ARA2201_ARA0,78, 
TP20,ARG1101_BRR0,12, 
TP20,ARI1101_ARI0,81, 
TP20,ARI1102_ARI0,111, 
TP20,ASB0661_HBK0,28, 
TP20,ATI2201_ATI0,74, 
TP20,AVI2201_AVI0,214, 
TP20,BEN2202_BEN0,354, 
TP20,BWK1101_WPI0,55, 
TP20,COL0661_COL0,39, 
TP20,CYD2201_CYD0,464, 
TP20,GLN0332_GLN0,64, 
TP20,HLY2201_HLY1,230, 
TP20,HLY2201_HLY2,240, 
TP20,HLY2201_HLY5,396, 
TP20,HLY2201_HLY6,48, 
TP20,HWA1101_PTA1,11, 
TP20,HWA1101_PTA2,11, 
TP20,HWA1101_PTA3,11, 
TP20,HWA1102_WAA0,35, 
TP20,HWA1102_WAA1,34, 
TP20,HWB0331_WPI0,45, 
TP20,KAW0112_ONU0,60, 
TP20,KAW1101_KAG0,105, 
TP20,KPA1101_KPI1,20, 
TP20,KPO1101_KPO0,96, 
TP20,KUM0661_KUM0,7, 
TP20,MAN2201_MAN0,615, 
TP20,MAT1101_ANI0,25, 
TP20,MAT1101_MAT0,80, 
TP20,MHO0331_MHO0,37, 
TP20,MKE1101_MKE1,100, 
TP20,MTI2201_MTI0,316, 
TP20,NAP2201_NAP0,134, 
TP20,NAP2202_NTM0,85, 
TP20,NSY0331_PAE0,12, 
TP20,OHA2201_OHA0,254, 
TP20,OHB2201_OHB0,206, 
TP20,OHC2201_OHC0,206, 
TP20,OHK2201_OHK0,106, 
TP20,OKI2201_OKI0,39, 
TP20,PPI2201_PPI0,48, 
TP20,ROT1101_WHE0,26, 
TP20,ROX1101_ROX0,85, 
TP20,ROX2201_ROX0,211, 
TP20,RPO2201_RPO0,120, 
TP20,SFD2201_SFD21,104, 
TP20,SFD2201_SFD22,104, 
TP20,SFD2201_SPL0,368, 
TP20,STK0661_COB0,32, 
TP20,TGA0331_KMI0,42, 
TP20,THI2201_THI1,79, 
TP20,THI2201_THI2,81, 
TP20,TKA0111_TKA1,25, 
TP20,TKB2201_TKB1,149, 
TP20,TKU2201_TKU0,240, 
TP20,TUI1101_KTW0,34, 
TP20,TUI1101_PRI0,44, 
TP20,TUI1101_TUI0,60, 
TP20,TWH0331_TRC1,46, 
TP20,WHI2201_WHI0,156, 
TP20,WKM2201_MOK0,103, 
TP20,WKM2201_WKM0,106, 
TP20,WPA2201_WPA0,36, 
TP20,WRK0331_RKA0,35, 
TP20,WRK0331_TAA0,24, 
TP20,WRK2201_WRK0,127, 
TP20,WTK0111_WTK0,105, 
TP21,ARA2201_ARA0,78, 
TP21,ARG1101_BRR0,12, 
TP21,ARI1101_ARI0,81, 
TP21,ARI1102_ARI0,111, 
TP21,ASB0661_HBK0,28, 
TP21,ATI2201_ATI0,74, 
TP21,AVI2201_AVI0,214, 
TP21,BEN2202_BEN0,354, 
TP21,BWK1101_WPI0,55, 
TP21,COL0661_COL0,39, 
TP21,CYD2201_CYD0,464, 
TP21,GLN0332_GLN0,64, 
TP21,HLY2201_HLY1,230, 
TP21,HLY2201_HLY2,240, 
TP21,HLY2201_HLY5,395, 
TP21,HLY2201_HLY6,48, 
TP21,HWA1101_PTA1,11, 
TP21,HWA1101_PTA2,11, 
TP21,HWA1101_PTA3,11, 
TP21,HWA1102_WAA0,35, 
TP21,HWA1102_WAA1,34, 
TP21,HWB0331_WPI0,45, 
TP21,KAW0112_ONU0,60, 
TP21,KAW1101_KAG0,105, 
TP21,KPA1101_KPI1,20, 
TP21,KPO1101_KPO0,96, 
TP21,KUM0661_KUM0,7, 
TP21,MAN2201_MAN0,615, 
TP21,MAT1101_ANI0,25, 
TP21,MAT1101_MAT0,80, 
TP21,MHO0331_MHO0,37, 
TP21,MKE1101_MKE1,100, 
TP21,MTI2201_MTI0,316, 
TP21,NAP2201_NAP0,134, 
TP21,NAP2202_NTM0,85, 
TP21,NSY0331_PAE0,12, 
TP21,OHA2201_OHA0,254, 
TP21,OHB2201_OHB0,154, 
TP21,OHC2201_OHC0,154, 
TP21,OHK2201_OHK0,106, 
TP21,OKI2201_OKI0,39, 
TP21,PPI2201_PPI0,48, 
TP21,ROT1101_WHE0,26, 
TP21,ROX1101_ROX0,85, 
TP21,ROX2201_ROX0,211, 
TP21,RPO2201_RPO0,120, 
TP21,SFD2201_SFD21,104, 
TP21,SFD2201_SFD22,104, 
TP21,SFD2201_SPL0,369, 
TP21,STK0661_COB0,32, 
TP21,TGA0331_KMI0,42, 
TP21,THI2201_THI1,79, 
TP21,THI2201_THI2,81, 
TP21,TKA0111_TKA1,25, 
TP21,TKB2201_TKB1,149, 
TP21,TKU2201_TKU0,240, 
TP21,TUI1101_KTW0,34, 
TP21,TUI1101_PRI0,44, 
TP21,TUI1101_TUI0,60, 
TP21,TWH0331_TRC1,46, 
TP21,WHI2201_WHI0,156, 
TP21,WKM2201_MOK0,103, 
TP21,WKM2201_WKM0,106, 
TP21,WPA2201_WPA0,36, 
TP21,WRK0331_RKA0,35, 
TP21,WRK0331_TAA0,24, 
TP21,WRK2201_WRK0,127, 
TP21,WTK0111_WTK0,105, 
TP22,ARA2201_ARA0,78, 
TP22,ARG1101_BRR0,12, 
TP22,ARI1101_ARI0,81, 
TP22,ARI1102_ARI0,111, 
TP22,ASB0661_HBK0,28, 
TP22,ATI2201_ATI0,74, 
TP22,AVI2201_AVI0,214, 
TP22,BEN2202_BEN0,354, 
TP22,BWK1101_WPI0,55, 
TP22,COL0661_COL0,39, 
TP22,CYD2201_CYD0,464, 
TP22,GLN0332_GLN0,64, 
TP22,HLY2201_HLY1,230, 
TP22,HLY2201_HLY2,240, 
TP22,HLY2201_HLY5,396, 
TP22,HLY2201_HLY6,47, 
TP22,HWA1101_PTA1,11, 
TP22,HWA1101_PTA2,11, 
TP22,HWA1101_PTA3,11, 
TP22,HWA1102_WAA0,35, 
TP22,HWA1102_WAA1,34, 
TP22,HWB0331_WPI0,45, 
TP22,KAW0112_ONU0,60, 
TP22,KAW1101_KAG0,105, 
TP22,KPA1101_KPI1,20, 
TP22,KPO1101_KPO0,96, 
TP22,KUM0661_KUM0,7, 
TP22,MAN2201_MAN0,615, 
TP22,MAT1101_ANI0,25, 
TP22,MAT1101_MAT0,80, 
TP22,MHO0331_MHO0,37, 
TP22,MKE1101_MKE1,100, 
TP22,MTI2201_MTI0,316, 
TP22,NAP2201_NAP0,134, 
TP22,NAP2202_NTM0,85, 
TP22,NSY0331_PAE0,12, 
TP22,OHA2201_OHA0,254, 
TP22,OHB2201_OHB0,154, 
TP22,OHC2201_OHC0,154, 
TP22,OHK2201_OHK0,106, 
TP22,OKI2201_OKI0,39, 
TP22,PPI2201_PPI0,48, 
TP22,ROT1101_WHE0,26, 
TP22,ROX1101_ROX0,86, 
TP22,ROX2201_ROX0,212, 
TP22,RPO2201_RPO0,120, 
TP22,SFD2201_SFD21,104, 
TP22,SFD2201_SFD22,104, 
TP22,SFD2201_SPL0,368, 
TP22,STK0661_COB0,32, 
TP22,TGA0331_KMI0,42, 
TP22,THI2201_THI1,79, 
TP22,THI2201_THI2,81, 
TP22,TKA0111_TKA1,25, 
TP22,TKB2201_TKB1,149, 
TP22,TKU2201_TKU0,240, 
TP22,TUI1101_KTW0,34, 
TP22,TUI1101_PRI0,44, 
TP22,TUI1101_TUI0,60, 
TP22,TWH0331_TRC1,46, 
TP22,WHI2201_WHI0,156, 
TP22,WKM2201_MOK0,103, 
TP22,WKM2201_WKM0,106, 
TP22,WPA2201_WPA0,36, 
TP22,WRK0331_RKA0,35, 
TP22,WRK0331_TAA0,24, 
TP22,WRK2201_WRK0,127, 
TP22,WTK0111_WTK0,105, 
TP23,ARA2201_ARA0,78, 
TP23,ARG1101_BRR0,12, 
TP23,ARI1101_ARI0,81, 
TP23,ARI1102_ARI0,111, 
TP23,ASB0661_HBK0,28, 
TP23,ATI2201_ATI0,74, 
TP23,AVI2201_AVI0,214, 
TP23,BEN2202_BEN0,354, 
TP23,BWK1101_WPI0,55, 
TP23,COL0661_COL0,39, 
TP23,CYD2201_CYD0,464, 
TP23,GLN0332_GLN0,64, 
TP23,HLY2201_HLY1,230, 
TP23,HLY2201_HLY2,240, 
TP23,HLY2201_HLY5,395, 
TP23,HLY2201_HLY6,47, 
TP23,HWA1101_PTA1,11, 
TP23,HWA1101_PTA2,11, 
TP23,HWA1101_PTA3,11, 
TP23,HWA1102_WAA0,35, 
TP23,HWA1102_WAA1,34, 
TP23,HWB0331_WPI0,34, 
TP23,KAW0112_ONU0,60, 
TP23,KAW1101_KAG0,105, 
TP23,KPA1101_KPI1,20, 
TP23,KPO1101_KPO0,96, 
TP23,KUM0661_KUM0,7, 
TP23,MAN2201_MAN0,615, 
TP23,MAT1101_ANI0,25, 
TP23,MAT1101_MAT0,80, 
TP23,MHO0331_MHO0,37, 
TP23,MKE1101_MKE1,100, 
TP23,MTI2201_MTI0,316, 
TP23,NAP2201_NAP0,134, 
TP23,NAP2202_NTM0,85, 
TP23,NSY0331_PAE0,12, 
TP23,OHA2201_OHA0,254, 
TP23,OHB2201_OHB0,154, 
TP23,OHC2201_OHC0,154, 
TP23,OHK2201_OHK0,106, 
TP23,OKI2201_OKI0,39, 
TP23,PPI2201_PPI0,48, 
TP23,ROT1101_WHE0,26, 
TP23,ROX1101_ROX0,86, 
TP23,ROX2201_ROX0,212, 
TP23,RPO2201_RPO0,120, 
TP23,SFD2201_SFD21,104, 
TP23,SFD2201_SFD22,104, 
TP23,SFD2201_SPL0,367, 
TP23,STK0661_COB0,32, 
TP23,TGA0331_KMI0,42, 
TP23,THI2201_THI1,79, 
TP23,THI2201_THI2,81, 
TP23,TKA0111_TKA1,25, 
TP23,TKB2201_TKB1,149, 
TP23,TKU2201_TKU0,240, 
TP23,TUI1101_KTW0,34, 
TP23,TUI1101_PRI0,44, 
TP23,TUI1101_TUI0,60, 
TP23,TWH0331_TRC1,46, 
TP23,WHI2201_WHI0,156, 
TP23,WKM2201_MOK0,103, 
TP23,WKM2201_WKM0,106, 
TP23,WPA2201_WPA0,36, 
TP23,WRK0331_RKA0,35, 
TP23,WRK0331_TAA0,24, 
TP23,WRK2201_WRK0,127, 
TP23,WTK0111_WTK0,105, 
TP24,ARA2201_ARA0,78, 
TP24,ARG1101_BRR0,12, 
TP24,ARI1101_ARI0,81, 
TP24,ARI1102_ARI0,111, 
TP24,ASB0661_HBK0,28, 
TP24,ATI2201_ATI0,74, 
TP24,AVI2201_AVI0,214, 
TP24,BEN2202_BEN0,354, 
TP24,BWK1101_WPI0,55, 
TP24,COL0661_COL0,39, 
TP24,CYD2201_CYD0,464, 
TP24,GLN0332_GLN0,64, 
TP24,HLY2201_HLY1,230, 
TP24,HLY2201_HLY2,240, 
TP24,HLY2201_HLY5,394, 
TP24,HLY2201_HLY6,47, 
TP24,HWA1101_PTA1,11, 
TP24,HWA1101_PTA2,11, 
TP24,HWA1101_PTA3,11, 
TP24,HWA1102_WAA0,35, 
TP24,HWA1102_WAA1,34, 
TP24,HWB0331_WPI0,34, 
TP24,KAW0112_ONU0,60, 
TP24,KAW1101_KAG0,105, 
TP24,KPA1101_KPI1,20, 
TP24,KPO1101_KPO0,96, 
TP24,KUM0661_KUM0,7, 
TP24,MAN2201_MAN0,615, 
TP24,MAT1101_ANI0,25, 
TP24,MAT1101_MAT0,80, 
TP24,MHO0331_MHO0,37, 
TP24,MKE1101_MKE1,100, 
TP24,MTI2201_MTI0,316, 
TP24,NAP2201_NAP0,134, 
TP24,NAP2202_NTM0,85, 
TP24,NSY0331_PAE0,12, 
TP24,OHA2201_OHA0,254, 
TP24,OHB2201_OHB0,154, 
TP24,OHC2201_OHC0,154, 
TP24,OHK2201_OHK0,106, 
TP24,OKI2201_OKI0,39, 
TP24,PPI2201_PPI0,48, 
TP24,ROT1101_WHE0,26, 
TP24,ROX1101_ROX0,87, 
TP24,ROX2201_ROX0,212, 
TP24,RPO2201_RPO0,120, 
TP24,SFD2201_SFD21,104, 
TP24,SFD2201_SFD22,104, 
TP24,SFD2201_SPL0,366, 
TP24,STK0661_COB0,32, 
TP24,TGA0331_KMI0,42, 
TP24,THI2201_THI1,79, 
TP24,THI2201_THI2,81, 
TP24,TKA0111_TKA1,25, 
TP24,TKB2201_TKB1,149, 
TP24,TKU2201_TKU0,240, 
TP24,TUI1101_KTW0,34, 
TP24,TUI1101_PRI0,44, 
TP24,TUI1101_TUI0,60, 
TP24,TWH0331_TRC1,46, 
TP24,WHI2201_WHI0,156, 
TP24,WKM2201_MOK0,103, 
TP24,WKM2201_WKM0,106, 
TP24,WPA2201_WPA0,36, 
TP24,WRK0331_RKA0,35, 
TP24,WRK0331_TAA0,24, 
TP24,WRK2201_WRK0,127, 
TP24,WTK0111_WTK0,105, 
TP25,ARA2201_ARA0,78, 
TP25,ARG1101_BRR0,12, 
TP25,ARI1101_ARI0,81, 
TP25,ARI1102_ARI0,111, 
TP25,ASB0661_HBK0,28, 
TP25,ATI2201_ATI0,74, 
TP25,AVI2201_AVI0,214, 
TP25,BEN2202_BEN0,354, 
TP25,BWK1101_WPI0,55, 
TP25,COL0661_COL0,39, 
TP25,CYD2201_CYD0,464, 
TP25,GLN0332_GLN0,64, 
TP25,HLY2201_HLY1,230, 
TP25,HLY2201_HLY2,240, 
TP25,HLY2201_HLY5,393, 
TP25,HLY2201_HLY6,47, 
TP25,HWA1101_PTA1,11, 
TP25,HWA1101_PTA2,11, 
TP25,HWA1101_PTA3,11, 
TP25,HWA1102_WAA0,35, 
TP25,HWA1102_WAA1,34, 
TP25,HWB0331_WPI0,34, 
TP25,KAW0112_ONU0,60, 
TP25,KAW1101_KAG0,105, 
TP25,KPA1101_KPI1,20, 
TP25,KPO1101_KPO0,96, 
TP25,KUM0661_KUM0,7, 
TP25,MAN2201_MAN0,615, 
TP25,MAT1101_ANI0,25, 
TP25,MAT1101_MAT0,80, 
TP25,MHO0331_MHO0,37, 
TP25,MKE1101_MKE1,100, 
TP25,MTI2201_MTI0,316, 
TP25,NAP2201_NAP0,134, 
TP25,NAP2202_NTM0,85, 
TP25,NSY0331_PAE0,12, 
TP25,OHA2201_OHA0,254, 
TP25,OHB2201_OHB0,154, 
TP25,OHC2201_OHC0,154, 
TP25,OHK2201_OHK0,106, 
TP25,OKI2201_OKI0,39, 
TP25,PPI2201_PPI0,48, 
TP25,ROT1101_WHE0,26, 
TP25,ROX1101_ROX0,87, 
TP25,ROX2201_ROX0,213, 
TP25,RPO2201_RPO0,65, 
TP25,SFD2201_SFD21,104, 
TP25,SFD2201_SFD22,104, 
TP25,SFD2201_SPL0,364, 
TP25,STK0661_COB0,32, 
TP25,TGA0331_KMI0,42, 
TP25,THI2201_THI1,79, 
TP25,THI2201_THI2,81, 
TP25,TKA0111_TKA1,25, 
TP25,TKB2201_TKB1,149, 
TP25,TKU2201_TKU0,240, 
TP25,TUI1101_KTW0,34, 
TP25,TUI1101_PRI0,44, 
TP25,TUI1101_TUI0,60, 
TP25,TWH0331_TRC1,46, 
TP25,WHI2201_WHI0,156, 
TP25,WKM2201_MOK0,103, 
TP25,WKM2201_WKM0,106, 
TP25,WPA2201_WPA0,36, 
TP25,WRK0331_RKA0,34, 
TP25,WRK0331_TAA0,24, 
TP25,WRK2201_WRK0,127, 
TP25,WTK0111_WTK0,105, 
TP26,ARA2201_ARA0,78, 
TP26,ARG1101_BRR0,12, 
TP26,ARI1101_ARI0,54, 
TP26,ARI1102_ARI0,111, 
TP26,ASB0661_HBK0,28, 
TP26,ATI2201_ATI0,74, 
TP26,AVI2201_AVI0,214, 
TP26,BEN2202_BEN0,354, 
TP26,BWK1101_WPI0,55, 
TP26,COL0661_COL0,39, 
TP26,CYD2201_CYD0,464, 
TP26,GLN0332_GLN0,64, 
TP26,HLY2201_HLY1,230, 
TP26,HLY2201_HLY2,240, 
TP26,HLY2201_HLY5,392, 
TP26,HLY2201_HLY6,47, 
TP26,HWA1101_PTA1,11, 
TP26,HWA1101_PTA2,11, 
TP26,HWA1101_PTA3,11, 
TP26,HWA1102_WAA0,35, 
TP26,HWA1102_WAA1,34, 
TP26,HWB0331_WPI0,34, 
TP26,KAW0112_ONU0,60, 
TP26,KAW1101_KAG0,105, 
TP26,KPA1101_KPI1,20, 
TP26,KPO1101_KPO0,96, 
TP26,KUM0661_KUM0,7, 
TP26,MAN2201_MAN0,615, 
TP26,MAT1101_ANI0,25, 
TP26,MAT1101_MAT0,80, 
TP26,MHO0331_MHO0,37, 
TP26,MKE1101_MKE1,100, 
TP26,MTI2201_MTI0,316, 
TP26,NAP2201_NAP0,134, 
TP26,NAP2202_NTM0,85, 
TP26,NSY0331_PAE0,12, 
TP26,OHA2201_OHA0,254, 
TP26,OHB2201_OHB0,154, 
TP26,OHC2201_OHC0,154, 
TP26,OHK2201_OHK0,106, 
TP26,OKI2201_OKI0,42, 
TP26,PPI2201_PPI0,48, 
TP26,ROT1101_WHE0,26, 
TP26,ROX1101_ROX0,87, 
TP26,ROX2201_ROX0,213, 
TP26,RPO2201_RPO0,65, 
TP26,SFD2201_SFD21,104, 
TP26,SFD2201_SFD22,104, 
TP26,SFD2201_SPL0,364, 
TP26,STK0661_COB0,32, 
TP26,TGA0331_KMI0,42, 
TP26,THI2201_THI1,79, 
TP26,THI2201_THI2,81, 
TP26,TKA0111_TKA1,25, 
TP26,TKB2201_TKB1,149, 
TP26,TKU2201_TKU0,240, 
TP26,TUI1101_KTW0,34, 
TP26,TUI1101_PRI0,44, 
TP26,TUI1101_TUI0,60, 
TP26,TWH0331_TRC1,46, 
TP26,WHI2201_WHI0,156, 
TP26,WKM2201_MOK0,103, 
TP26,WKM2201_WKM0,106, 
TP26,WPA2201_WPA0,36, 
TP26,WRK0331_RKA0,34, 
TP26,WRK0331_TAA0,24, 
TP26,WRK2201_WRK0,127, 
TP26,WTK0111_WTK0,105, 
TP27,ARA2201_ARA0,78, 
TP27,ARG1101_BRR0,12, 
TP27,ARI1101_ARI0,54, 
TP27,ARI1102_ARI0,111, 
TP27,ASB0661_HBK0,28, 
TP27,ATI2201_ATI0,74, 
TP27,AVI2201_AVI0,214, 
TP27,BEN2202_BEN0,354, 
TP27,BWK1101_WPI0,55, 
TP27,COL0661_COL0,39, 
TP27,CYD2201_CYD0,464, 
TP27,GLN0332_GLN0,64, 
TP27,HLY2201_HLY1,230, 
TP27,HLY2201_HLY2,240, 
TP27,HLY2201_HLY5,392, 
TP27,HLY2201_HLY6,47, 
TP27,HWA1101_PTA1,11, 
TP27,HWA1101_PTA2,11, 
TP27,HWA1101_PTA3,11, 
TP27,HWA1102_WAA0,35, 
TP27,HWA1102_WAA1,34, 
TP27,HWB0331_WPI0,34, 
TP27,KAW0112_ONU0,60, 
TP27,KAW1101_KAG0,105, 
TP27,KPA1101_KPI1,20, 
TP27,KPO1101_KPO0,96, 
TP27,KUM0661_KUM0,7, 
TP27,MAN2201_MAN0,615, 
TP27,MAT1101_ANI0,25, 
TP27,MAT1101_MAT0,80, 
TP27,MHO0331_MHO0,37, 
TP27,MKE1101_MKE1,100, 
TP27,MTI2201_MTI0,316, 
TP27,NAP2201_NAP0,134, 
TP27,NAP2202_NTM0,85, 
TP27,NSY0331_PAE0,12, 
TP27,OHA2201_OHA0,254, 
TP27,OHB2201_OHB0,154, 
TP27,OHC2201_OHC0,154, 
TP27,OHK2201_OHK0,106, 
TP27,OKI2201_OKI0,42, 
TP27,PPI2201_PPI0,48, 
TP27,ROT1101_WHE0,26, 
TP27,ROX1101_ROX0,88, 
TP27,ROX2201_ROX0,213, 
TP27,RPO2201_RPO0,65, 
TP27,SFD2201_SFD21,104, 
TP27,SFD2201_SFD22,104, 
TP27,SFD2201_SPL0,363, 
TP27,STK0661_COB0,32, 
TP27,TGA0331_KMI0,42, 
TP27,THI2201_THI1,79, 
TP27,THI2201_THI2,81, 
TP27,TKA0111_TKA1,25, 
TP27,TKB2201_TKB1,149, 
TP27,TKU2201_TKU0,240, 
TP27,TUI1101_KTW0,34, 
TP27,TUI1101_PRI0,44, 
TP27,TUI1101_TUI0,60, 
TP27,TWH0331_TRC1,46, 
TP27,WHI2201_WHI0,156, 
TP27,WKM2201_MOK0,103, 
TP27,WKM2201_WKM0,106, 
TP27,WPA2201_WPA0,36, 
TP27,WRK0331_RKA0,34, 
TP27,WRK0331_TAA0,24, 
TP27,WRK2201_WRK0,127, 
TP27,WTK0111_WTK0,105, 
TP28,ARA2201_ARA0,78, 
TP28,ARG1101_BRR0,12, 
TP28,ARI1101_ARI0,54, 
TP28,ARI1102_ARI0,111, 
TP28,ASB0661_HBK0,28, 
TP28,ATI2201_ATI0,74, 
TP28,AVI2201_AVI0,214, 
TP28,BEN2202_BEN0,354, 
TP28,BWK1101_WPI0,55, 
TP28,COL0661_COL0,39, 
TP28,CYD2201_CYD0,464, 
TP28,GLN0332_GLN0,64, 
TP28,HLY2201_HLY1,230, 
TP28,HLY2201_HLY2,240, 
TP28,HLY2201_HLY5,392, 
TP28,HLY2201_HLY6,47, 
TP28,HWA1101_PTA1,11, 
TP28,HWA1101_PTA2,11, 
TP28,HWA1101_PTA3,11, 
TP28,HWA1102_WAA0,35, 
TP28,HWA1102_WAA1,34, 
TP28,HWB0331_WPI0,34, 
TP28,KAW0112_ONU0,60, 
TP28,KAW1101_KAG0,105, 
TP28,KPA1101_KPI1,20, 
TP28,KPO1101_KPO0,96, 
TP28,KUM0661_KUM0,7, 
TP28,MAN2201_MAN0,615, 
TP28,MAT1101_ANI0,25, 
TP28,MAT1101_MAT0,80, 
TP28,MHO0331_MHO0,37, 
TP28,MKE1101_MKE1,100, 
TP28,MTI2201_MTI0,316, 
TP28,NAP2201_NAP0,134, 
TP28,NAP2202_NTM0,85, 
TP28,NSY0331_PAE0,12, 
TP28,OHA2201_OHA0,254, 
TP28,OHB2201_OHB0,154, 
TP28,OHC2201_OHC0,154, 
TP28,OHK2201_OHK0,106, 
TP28,OKI2201_OKI0,42, 
TP28,PPI2201_PPI0,48, 
TP28,ROT1101_WHE0,26, 
TP28,ROX1101_ROX0,88, 
TP28,ROX2201_ROX0,214, 
TP28,RPO2201_RPO0,65, 
TP28,SFD2201_SFD21,104, 
TP28,SFD2201_SFD22,104, 
TP28,SFD2201_SPL0,363, 
TP28,STK0661_COB0,32, 
TP28,TGA0331_KMI0,42, 
TP28,THI2201_THI1,79, 
TP28,THI2201_THI2,81, 
TP28,TKA0111_TKA1,25, 
TP28,TKB2201_TKB1,149, 
TP28,TKU2201_TKU0,240, 
TP28,TUI1101_KTW0,34, 
TP28,TUI1101_PRI0,44, 
TP28,TUI1101_TUI0,60, 
TP28,TWH0331_TRC1,46, 
TP28,WHI2201_WHI0,156, 
TP28,WKM2201_MOK0,103, 
TP28,WKM2201_WKM0,106, 
TP28,WPA2201_WPA0,36, 
TP28,WRK0331_RKA0,34, 
TP28,WRK0331_TAA0,24, 
TP28,WRK2201_WRK0,127, 
TP28,WTK0111_WTK0,105, 
TP29,ARA2201_ARA0,78, 
TP29,ARG1101_BRR0,12, 
TP29,ARI1101_ARI0,54, 
TP29,ARI1102_ARI0,111, 
TP29,ASB0661_HBK0,28, 
TP29,ATI2201_ATI0,74, 
TP29,AVI2201_AVI0,214, 
TP29,BEN2202_BEN0,354, 
TP29,BWK1101_WPI0,55, 
TP29,COL0661_COL0,39, 
TP29,CYD2201_CYD0,464, 
TP29,GLN0332_GLN0,64, 
TP29,HLY2201_HLY1,230, 
TP29,HLY2201_HLY2,240, 
TP29,HLY2201_HLY5,392, 
TP29,HLY2201_HLY6,47, 
TP29,HWA1101_PTA1,11, 
TP29,HWA1101_PTA2,11, 
TP29,HWA1101_PTA3,11, 
TP29,HWA1102_WAA0,35, 
TP29,HWA1102_WAA1,34, 
TP29,HWB0331_WPI0,34, 
TP29,KAW0112_ONU0,60, 
TP29,KAW1101_KAG0,105, 
TP29,KPA1101_KPI1,20, 
TP29,KPO1101_KPO0,96, 
TP29,KUM0661_KUM0,7, 
TP29,MAN2201_MAN0,615, 
TP29,MAT1101_ANI0,25, 
TP29,MAT1101_MAT0,80, 
TP29,MHO0331_MHO0,37, 
TP29,MKE1101_MKE1,100, 
TP29,MTI2201_MTI0,316, 
TP29,NAP2201_NAP0,134, 
TP29,NAP2202_NTM0,85, 
TP29,NSY0331_PAE0,12, 
TP29,OHA2201_OHA0,254, 
TP29,OHB2201_OHB0,206, 
TP29,OHC2201_OHC0,206, 
TP29,OHK2201_OHK0,106, 
TP29,OKI2201_OKI0,42, 
TP29,PPI2201_PPI0,48, 
TP29,ROT1101_WHE0,26, 
TP29,ROX1101_ROX0,88, 
TP29,ROX2201_ROX0,214, 
TP29,RPO2201_RPO0,65, 
TP29,SFD2201_SFD21,104, 
TP29,SFD2201_SFD22,104, 
TP29,SFD2201_SPL0,362, 
TP29,STK0661_COB0,32, 
TP29,TGA0331_KMI0,42, 
TP29,THI2201_THI1,79, 
TP29,THI2201_THI2,81, 
TP29,TKA0111_TKA1,25, 
TP29,TKB2201_TKB1,149, 
TP29,TKU2201_TKU0,240, 
TP29,TUI1101_KTW0,34, 
TP29,TUI1101_PRI0,44, 
TP29,TUI1101_TUI0,60, 
TP29,TWH0331_TRC1,46, 
TP29,WHI2201_WHI0,156, 
TP29,WKM2201_MOK0,101, 
TP29,WKM2201_WKM0,106, 
TP29,WPA2201_WPA0,36, 
TP29,WRK0331_RKA0,34, 
TP29,WRK0331_TAA0,24, 
TP29,WRK2201_WRK0,127, 
TP29,WTK0111_WTK0,105, 
TP30,ARA2201_ARA0,78, 
TP30,ARG1101_BRR0,12, 
TP30,ARI1101_ARI0,54, 
TP30,ARI1102_ARI0,111, 
TP30,ASB0661_HBK0,28, 
TP30,ATI2201_ATI0,74, 
TP30,AVI2201_AVI0,214, 
TP30,BEN2202_BEN0,354, 
TP30,BWK1101_WPI0,55, 
TP30,COL0661_COL0,39, 
TP30,CYD2201_CYD0,464, 
TP30,GLN0332_GLN0,64, 
TP30,HLY2201_HLY1,230, 
TP30,HLY2201_HLY2,240, 
TP30,HLY2201_HLY5,392, 
TP30,HLY2201_HLY6,47, 
TP30,HWA1101_PTA1,11, 
TP30,HWA1101_PTA2,11, 
TP30,HWA1101_PTA3,11, 
TP30,HWA1102_WAA0,35, 
TP30,HWA1102_WAA1,34, 
TP30,HWB0331_WPI0,34, 
TP30,KAW0112_ONU0,60, 
TP30,KAW1101_KAG0,105, 
TP30,KPA1101_KPI1,20, 
TP30,KPO1101_KPO0,96, 
TP30,KUM0661_KUM0,7, 
TP30,MAN2201_MAN0,615, 
TP30,MAT1101_ANI0,25, 
TP30,MAT1101_MAT0,80, 
TP30,MHO0331_MHO0,37, 
TP30,MKE1101_MKE1,100, 
TP30,MTI2201_MTI0,316, 
TP30,NAP2201_NAP0,134, 
TP30,NAP2202_NTM0,85, 
TP30,NSY0331_PAE0,12, 
TP30,OHA2201_OHA0,254, 
TP30,OHB2201_OHB0,206, 
TP30,OHC2201_OHC0,206, 
TP30,OHK2201_OHK0,106, 
TP30,OKI2201_OKI0,42, 
TP30,PPI2201_PPI0,48, 
TP30,ROT1101_WHE0,26, 
TP30,ROX1101_ROX0,88, 
TP30,ROX2201_ROX0,213, 
TP30,RPO2201_RPO0,65, 
TP30,SFD2201_SFD21,104, 
TP30,SFD2201_SFD22,104, 
TP30,SFD2201_SPL0,362, 
TP30,STK0661_COB0,32, 
TP30,TGA0331_KMI0,42, 
TP30,THI2201_THI1,79, 
TP30,THI2201_THI2,81, 
TP30,TKA0111_TKA1,25, 
TP30,TKB2201_TKB1,149, 
TP30,TKU2201_TKU0,240, 
TP30,TUI1101_KTW0,34, 
TP30,TUI1101_PRI0,44, 
TP30,TUI1101_TUI0,60, 
TP30,TWH0331_TRC1,46, 
TP30,WHI2201_WHI0,156, 
TP30,WKM2201_MOK0,101, 
TP30,WKM2201_WKM0,106, 
TP30,WPA2201_WPA0,36, 
TP30,WRK0331_RKA0,34, 
TP30,WRK0331_TAA0,24, 
TP30,WRK2201_WRK0,127, 
TP30,WTK0111_WTK0,105, 
TP31,ARA2201_ARA0,78, 
TP31,ARG1101_BRR0,12, 
TP31,ARI1101_ARI0,54, 
TP31,ARI1102_ARI0,111, 
TP31,ASB0661_HBK0,28, 
TP31,ATI2201_ATI0,74, 
TP31,AVI2201_AVI0,214, 
TP31,BEN2202_BEN0,354, 
TP31,BWK1101_WPI0,55, 
TP31,COL0661_COL0,39, 
TP31,CYD2201_CYD0,464, 
TP31,GLN0332_GLN0,64, 
TP31,HLY2201_HLY1,230, 
TP31,HLY2201_HLY2,240, 
TP31,HLY2201_HLY5,392, 
TP31,HLY2201_HLY6,47, 
TP31,HWA1101_PTA1,11, 
TP31,HWA1101_PTA2,11, 
TP31,HWA1101_PTA3,11, 
TP31,HWA1102_WAA0,35, 
TP31,HWA1102_WAA1,34, 
TP31,HWB0331_WPI0,45, 
TP31,KAW0112_ONU0,60, 
TP31,KAW1101_KAG0,105, 
TP31,KPA1101_KPI1,20, 
TP31,KPO1101_KPO0,96, 
TP31,KUM0661_KUM0,7, 
TP31,MAN2201_MAN0,615, 
TP31,MAT1101_ANI0,25, 
TP31,MAT1101_MAT0,80, 
TP31,MHO0331_MHO0,37, 
TP31,MKE1101_MKE1,100, 
TP31,MTI2201_MTI0,316, 
TP31,NAP2201_NAP0,134, 
TP31,NAP2202_NTM0,85, 
TP31,NSY0331_PAE0,12, 
TP31,OHA2201_OHA0,254, 
TP31,OHB2201_OHB0,206, 
TP31,OHC2201_OHC0,206, 
TP31,OHK2201_OHK0,106, 
TP31,OKI2201_OKI0,42, 
TP31,PPI2201_PPI0,48, 
TP31,ROT1101_WHE0,26, 
TP31,ROX1101_ROX0,87, 
TP31,ROX2201_ROX0,213, 
TP31,RPO2201_RPO0,120, 
TP31,SFD2201_SFD21,103, 
TP31,SFD2201_SFD22,103, 
TP31,SFD2201_SPL0,362, 
TP31,STK0661_COB0,32, 
TP31,TGA0331_KMI0,42, 
TP31,THI2201_THI1,79, 
TP31,THI2201_THI2,81, 
TP31,TKA0111_TKA1,25, 
TP31,TKB2201_TKB1,149, 
TP31,TKU2201_TKU0,240, 
TP31,TUI1101_KTW0,34, 
TP31,TUI1101_PRI0,44, 
TP31,TUI1101_TUI0,60, 
TP31,TWH0331_TRC1,46, 
TP31,WHI2201_WHI0,156, 
TP31,WKM2201_MOK0,100, 
TP31,WKM2201_WKM0,106, 
TP31,WPA2201_WPA0,36, 
TP31,WRK0331_RKA0,33, 
TP31,WRK0331_TAA0,24, 
TP31,WRK2201_WRK0,127, 
TP31,WTK0111_WTK0,105, 
TP32,ARA2201_ARA0,78, 
TP32,ARG1101_BRR0,12, 
TP32,ARI1101_ARI0,54, 
TP32,ARI1102_ARI0,111, 
TP32,ASB0661_HBK0,28, 
TP32,ATI2201_ATI0,74, 
TP32,AVI2201_AVI0,214, 
TP32,BEN2202_BEN0,354, 
TP32,BWK1101_WPI0,55, 
TP32,COL0661_COL0,39, 
TP32,CYD2201_CYD0,464, 
TP32,GLN0332_GLN0,64, 
TP32,HLY2201_HLY1,230, 
TP32,HLY2201_HLY2,240, 
TP32,HLY2201_HLY5,392, 
TP32,HLY2201_HLY6,47, 
TP32,HWA1101_PTA1,11, 
TP32,HWA1101_PTA2,11, 
TP32,HWA1101_PTA3,11, 
TP32,HWA1102_WAA0,35, 
TP32,HWA1102_WAA1,34, 
TP32,HWB0331_WPI0,45, 
TP32,KAW0112_ONU0,60, 
TP32,KAW1101_KAG0,105, 
TP32,KPA1101_KPI1,20, 
TP32,KPO1101_KPO0,96, 
TP32,KUM0661_KUM0,7, 
TP32,MAN2201_MAN0,615, 
TP32,MAT1101_ANI0,25, 
TP32,MAT1101_MAT0,80, 
TP32,MHO0331_MHO0,37, 
TP32,MKE1101_MKE1,100, 
TP32,MTI2201_MTI0,316, 
TP32,NAP2201_NAP0,134, 
TP32,NAP2202_NTM0,85, 
TP32,NSY0331_PAE0,12, 
TP32,OHA2201_OHA0,254, 
TP32,OHB2201_OHB0,206, 
TP32,OHC2201_OHC0,206, 
TP32,OHK2201_OHK0,106, 
TP32,OKI2201_OKI0,42, 
TP32,PPI2201_PPI0,48, 
TP32,ROT1101_WHE0,26, 
TP32,ROX1101_ROX0,87, 
TP32,ROX2201_ROX0,213, 
TP32,RPO2201_RPO0,120, 
TP32,SFD2201_SFD21,103, 
TP32,SFD2201_SFD22,103, 
TP32,SFD2201_SPL0,362, 
TP32,STK0661_COB0,32, 
TP32,TGA0331_KMI0,42, 
TP32,THI2201_THI1,79, 
TP32,THI2201_THI2,81, 
TP32,TKA0111_TKA1,25, 
TP32,TKB2201_TKB1,149, 
TP32,TKU2201_TKU0,240, 
TP32,TUI1101_KTW0,34, 
TP32,TUI1101_PRI0,44, 
TP32,TUI1101_TUI0,60, 
TP32,TWH0331_TRC1,46, 
TP32,WHI2201_WHI0,156, 
TP32,WKM2201_MOK0,100, 
TP32,WKM2201_WKM0,106, 
TP32,WPA2201_WPA0,36, 
TP32,WRK0331_RKA0,33, 
TP32,WRK0331_TAA0,24, 
TP32,WRK2201_WRK0,127, 
TP32,WTK0111_WTK0,105, 
TP33,ARA2201_ARA0,78, 
TP33,ARG1101_BRR0,12, 
TP33,ARI1101_ARI0,81, 
TP33,ARI1102_ARI0,111, 
TP33,ASB0661_HBK0,28, 
TP33,ATI2201_ATI0,74, 
TP33,AVI2201_AVI0,214, 
TP33,BEN2202_BEN0,354, 
TP33,BWK1101_WPI0,55, 
TP33,COL0661_COL0,39, 
TP33,CYD2201_CYD0,464, 
TP33,GLN0332_GLN0,64, 
TP33,HLY2201_HLY1,230, 
TP33,HLY2201_HLY2,240, 
TP33,HLY2201_HLY5,393, 
TP33,HLY2201_HLY6,47, 
TP33,HWA1101_PTA1,11, 
TP33,HWA1101_PTA2,11, 
TP33,HWA1101_PTA3,11, 
TP33,HWA1102_WAA0,35, 
TP33,HWA1102_WAA1,34, 
TP33,HWB0331_WPI0,45, 
TP33,KAW0112_ONU0,60, 
TP33,KAW1101_KAG0,105, 
TP33,KPA1101_KPI1,20, 
TP33,KPO1101_KPO0,96, 
TP33,KUM0661_KUM0,7, 
TP33,MAN2201_MAN0,615, 
TP33,MAT1101_ANI0,25, 
TP33,MAT1101_MAT0,80, 
TP33,MHO0331_MHO0,37, 
TP33,MKE1101_MKE1,100, 
TP33,MTI2201_MTI0,316, 
TP33,NAP2201_NAP0,134, 
TP33,NAP2202_NTM0,85, 
TP33,NSY0331_PAE0,12, 
TP33,OHA2201_OHA0,254, 
TP33,OHB2201_OHB0,206, 
TP33,OHC2201_OHC0,206, 
TP33,OHK2201_OHK0,106, 
TP33,OKI2201_OKI0,42, 
TP33,PPI2201_PPI0,48, 
TP33,ROT1101_WHE0,26, 
TP33,ROX1101_ROX0,87, 
TP33,ROX2201_ROX0,213, 
TP33,RPO2201_RPO0,120, 
TP33,SFD2201_SFD21,103, 
TP33,SFD2201_SFD22,103, 
TP33,SFD2201_SPL0,362, 
TP33,STK0661_COB0,32, 
TP33,TGA0331_KMI0,42, 
TP33,THI2201_THI1,79, 
TP33,THI2201_THI2,81, 
TP33,TKA0111_TKA1,25, 
TP33,TKB2201_TKB1,149, 
TP33,TKU2201_TKU0,240, 
TP33,TUI1101_KTW0,34, 
TP33,TUI1101_PRI0,44, 
TP33,TUI1101_TUI0,60, 
TP33,TWH0331_TRC1,46, 
TP33,WHI2201_WHI0,156, 
TP33,WKM2201_MOK0,101, 
TP33,WKM2201_WKM0,106, 
TP33,WPA2201_WPA0,54, 
TP33,WRK0331_RKA0,33, 
TP33,WRK0331_TAA0,24, 
TP33,WRK2201_WRK0,127, 
TP33,WTK0111_WTK0,105, 
TP34,ARA2201_ARA0,78, 
TP34,ARG1101_BRR0,12, 
TP34,ARI1101_ARI0,81, 
TP34,ARI1102_ARI0,111, 
TP34,ASB0661_HBK0,28, 
TP34,ATI2201_ATI0,74, 
TP34,AVI2201_AVI0,214, 
TP34,BEN2202_BEN0,354, 
TP34,BWK1101_WPI0,55, 
TP34,COL0661_COL0,39, 
TP34,CYD2201_CYD0,464, 
TP34,GLN0332_GLN0,64, 
TP34,HLY2201_HLY1,230, 
TP34,HLY2201_HLY2,240, 
TP34,HLY2201_HLY5,393, 
TP34,HLY2201_HLY6,47, 
TP34,HWA1101_PTA1,11, 
TP34,HWA1101_PTA2,11, 
TP34,HWA1101_PTA3,11, 
TP34,HWA1102_WAA0,35, 
TP34,HWA1102_WAA1,34, 
TP34,HWB0331_WPI0,45, 
TP34,KAW0112_ONU0,60, 
TP34,KAW1101_KAG0,105, 
TP34,KPA1101_KPI1,20, 
TP34,KPO1101_KPO0,96, 
TP34,KUM0661_KUM0,7, 
TP34,MAN2201_MAN0,615, 
TP34,MAT1101_ANI0,25, 
TP34,MAT1101_MAT0,80, 
TP34,MHO0331_MHO0,37, 
TP34,MKE1101_MKE1,100, 
TP34,MTI2201_MTI0,316, 
TP34,NAP2201_NAP0,134, 
TP34,NAP2202_NTM0,85, 
TP34,NSY0331_PAE0,12, 
TP34,OHA2201_OHA0,254, 
TP34,OHB2201_OHB0,206, 
TP34,OHC2201_OHC0,206, 
TP34,OHK2201_OHK0,106, 
TP34,OKI2201_OKI0,42, 
TP34,PPI2201_PPI0,48, 
TP34,ROT1101_WHE0,26, 
TP34,ROX1101_ROX0,87, 
TP34,ROX2201_ROX0,213, 
TP34,RPO2201_RPO0,120, 
TP34,SFD2201_SFD21,103, 
TP34,SFD2201_SFD22,103, 
TP34,SFD2201_SPL0,363, 
TP34,STK0661_COB0,32, 
TP34,TGA0331_KMI0,42, 
TP34,THI2201_THI1,79, 
TP34,THI2201_THI2,81, 
TP34,TKA0111_TKA1,25, 
TP34,TKB2201_TKB1,149, 
TP34,TKU2201_TKU0,240, 
TP34,TUI1101_KTW0,34, 
TP34,TUI1101_PRI0,44, 
TP34,TUI1101_TUI0,60, 
TP34,TWH0331_TRC1,46, 
TP34,WHI2201_WHI0,156, 
TP34,WKM2201_MOK0,101, 
TP34,WKM2201_WKM0,106, 
TP34,WPA2201_WPA0,54, 
TP34,WRK0331_RKA0,33, 
TP34,WRK0331_TAA0,24, 
TP34,WRK2201_WRK0,127, 
TP34,WTK0111_WTK0,105, 
TP35,ARA2201_ARA0,78, 
TP35,ARG1101_BRR0,12, 
TP35,ARI1101_ARI0,81, 
TP35,ARI1102_ARI0,111, 
TP35,ASB0661_HBK0,28, 
TP35,ATI2201_ATI0,74, 
TP35,AVI2201_AVI0,214, 
TP35,BEN2202_BEN0,354, 
TP35,BWK1101_WPI0,55, 
TP35,COL0661_COL0,39, 
TP35,CYD2201_CYD0,464, 
TP35,GLN0332_GLN0,64, 
TP35,HLY2201_HLY1,230, 
TP35,HLY2201_HLY2,240, 
TP35,HLY2201_HLY5,393, 
TP35,HLY2201_HLY6,47, 
TP35,HWA1101_PTA1,11, 
TP35,HWA1101_PTA2,11, 
TP35,HWA1101_PTA3,11, 
TP35,HWA1102_WAA0,35, 
TP35,HWA1102_WAA1,34, 
TP35,HWB0331_WPI0,45, 
TP35,KAW0112_ONU0,60, 
TP35,KAW1101_KAG0,105, 
TP35,KPA1101_KPI1,20, 
TP35,KPO1101_KPO0,96, 
TP35,KUM0661_KUM0,7, 
TP35,MAN2201_MAN0,615, 
TP35,MAT1101_ANI0,25, 
TP35,MAT1101_MAT0,80, 
TP35,MHO0331_MHO0,37, 
TP35,MKE1101_MKE1,100, 
TP35,MTI2201_MTI0,351, 
TP35,NAP2201_NAP0,134, 
TP35,NAP2202_NTM0,85, 
TP35,NSY0331_PAE0,12, 
TP35,OHA2201_OHA0,254, 
TP35,OHB2201_OHB0,206, 
TP35,OHC2201_OHC0,206, 
TP35,OHK2201_OHK0,106, 
TP35,OKI2201_OKI0,42, 
TP35,PPI2201_PPI0,48, 
TP35,ROT1101_WHE0,26, 
TP35,ROX1101_ROX0,125, 
TP35,ROX2201_ROX0,211, 
TP35,RPO2201_RPO0,120, 
TP35,SFD2201_SFD21,104, 
TP35,SFD2201_SFD22,104, 
TP35,SFD2201_SPL0,364, 
TP35,STK0661_COB0,32, 
TP35,TGA0331_KMI0,42, 
TP35,THI2201_THI1,79, 
TP35,THI2201_THI2,81, 
TP35,TKA0111_TKA1,25, 
TP35,TKB2201_TKB1,149, 
TP35,TKU2201_TKU0,240, 
TP35,TUI1101_KTW0,34, 
TP35,TUI1101_PRI0,44, 
TP35,TUI1101_TUI0,60, 
TP35,TWH0331_TRC1,46, 
TP35,WHI2201_WHI0,156, 
TP35,WKM2201_MOK0,103, 
TP35,WKM2201_WKM0,106, 
TP35,WPA2201_WPA0,54, 
TP35,WRK0331_RKA0,33, 
TP35,WRK0331_TAA0,25, 
TP35,WRK2201_WRK0,127, 
TP35,WTK0111_WTK0,105, 
TP36,ARA2201_ARA0,78, 
TP36,ARG1101_BRR0,12, 
TP36,ARI1101_ARI0,81, 
TP36,ARI1102_ARI0,111, 
TP36,ASB0661_HBK0,28, 
TP36,ATI2201_ATI0,74, 
TP36,AVI2201_AVI0,214, 
TP36,BEN2202_BEN0,354, 
TP36,BWK1101_WPI0,55, 
TP36,COL0661_COL0,39, 
TP36,CYD2201_CYD0,464, 
TP36,GLN0332_GLN0,64, 
TP36,HLY2201_HLY1,230, 
TP36,HLY2201_HLY2,240, 
TP36,HLY2201_HLY5,394, 
TP36,HLY2201_HLY6,47, 
TP36,HWA1101_PTA1,11, 
TP36,HWA1101_PTA2,11, 
TP36,HWA1101_PTA3,11, 
TP36,HWA1102_WAA0,35, 
TP36,HWA1102_WAA1,34, 
TP36,HWB0331_WPI0,45, 
TP36,KAW0112_ONU0,60, 
TP36,KAW1101_KAG0,105, 
TP36,KPA1101_KPI1,20, 
TP36,KPO1101_KPO0,96, 
TP36,KUM0661_KUM0,7, 
TP36,MAN2201_MAN0,615, 
TP36,MAT1101_ANI0,25, 
TP36,MAT1101_MAT0,80, 
TP36,MHO0331_MHO0,37, 
TP36,MKE1101_MKE1,100, 
TP36,MTI2201_MTI0,351, 
TP36,NAP2201_NAP0,134, 
TP36,NAP2202_NTM0,85, 
TP36,NSY0331_PAE0,12, 
TP36,OHA2201_OHA0,254, 
TP36,OHB2201_OHB0,206, 
TP36,OHC2201_OHC0,206, 
TP36,OHK2201_OHK0,106, 
TP36,OKI2201_OKI0,42, 
TP36,PPI2201_PPI0,48, 
TP36,ROT1101_WHE0,26, 
TP36,ROX1101_ROX0,125, 
TP36,ROX2201_ROX0,211, 
TP36,RPO2201_RPO0,120, 
TP36,SFD2201_SFD21,104, 
TP36,SFD2201_SFD22,104, 
TP36,SFD2201_SPL0,365, 
TP36,STK0661_COB0,32, 
TP36,TGA0331_KMI0,42, 
TP36,THI2201_THI1,79, 
TP36,THI2201_THI2,81, 
TP36,TKA0111_TKA1,25, 
TP36,TKB2201_TKB1,149, 
TP36,TKU2201_TKU0,240, 
TP36,TUI1101_KTW0,34, 
TP36,TUI1101_PRI0,44, 
TP36,TUI1101_TUI0,60, 
TP36,TWH0331_TRC1,47, 
TP36,WHI2201_WHI0,156, 
TP36,WKM2201_MOK0,103, 
TP36,WKM2201_WKM0,106, 
TP36,WPA2201_WPA0,54, 
TP36,WRK0331_RKA0,33, 
TP36,WRK0331_TAA0,25, 
TP36,WRK2201_WRK0,127, 
TP36,WTK0111_WTK0,105, 
TP37,ARA2201_ARA0,78, 
TP37,ARG1101_BRR0,12, 
TP37,ARI1101_ARI0,81, 
TP37,ARI1102_ARI0,111, 
TP37,ASB0661_HBK0,28, 
TP37,ATI2201_ATI0,74, 
TP37,AVI2201_AVI0,214, 
TP37,BEN2202_BEN0,354, 
TP37,BWK1101_WPI0,55, 
TP37,COL0661_COL0,39, 
TP37,CYD2201_CYD0,464, 
TP37,GLN0332_GLN0,64, 
TP37,HLY2201_HLY1,230, 
TP37,HLY2201_HLY2,240, 
TP37,HLY2201_HLY5,395, 
TP37,HLY2201_HLY6,48, 
TP37,HWA1101_PTA1,11, 
TP37,HWA1101_PTA2,11, 
TP37,HWA1101_PTA3,11, 
TP37,HWA1102_WAA0,35, 
TP37,HWA1102_WAA1,34, 
TP37,HWB0331_WPI0,45, 
TP37,KAW0112_ONU0,60, 
TP37,KAW1101_KAG0,105, 
TP37,KPA1101_KPI1,20, 
TP37,KPO1101_KPO0,96, 
TP37,KUM0661_KUM0,7, 
TP37,MAN2201_MAN0,615, 
TP37,MAT1101_ANI0,25, 
TP37,MAT1101_MAT0,80, 
TP37,MHO0331_MHO0,37, 
TP37,MKE1101_MKE1,100, 
TP37,MTI2201_MTI0,351, 
TP37,NAP2201_NAP0,134, 
TP37,NAP2202_NTM0,85, 
TP37,NSY0331_PAE0,12, 
TP37,OHA2201_OHA0,254, 
TP37,OHB2201_OHB0,206, 
TP37,OHC2201_OHC0,206, 
TP37,OHK2201_OHK0,106, 
TP37,OKI2201_OKI0,42, 
TP37,PPI2201_PPI0,48, 
TP37,ROT1101_WHE0,26, 
TP37,ROX1101_ROX0,125, 
TP37,ROX2201_ROX0,211, 
TP37,RPO2201_RPO0,120, 
TP37,SFD2201_SFD21,104, 
TP37,SFD2201_SFD22,104, 
TP37,SFD2201_SPL0,366, 
TP37,STK0661_COB0,32, 
TP37,TGA0331_KMI0,42, 
TP37,THI2201_THI1,79, 
TP37,THI2201_THI2,81, 
TP37,TKA0111_TKA1,25, 
TP37,TKB2201_TKB1,149, 
TP37,TKU2201_TKU0,240, 
TP37,TUI1101_KTW0,34, 
TP37,TUI1101_PRI0,44, 
TP37,TUI1101_TUI0,60, 
TP37,TWH0331_TRC1,47, 
TP37,WHI2201_WHI0,156, 
TP37,WKM2201_MOK0,102, 
TP37,WKM2201_WKM0,106, 
TP37,WPA2201_WPA0,54, 
TP37,WRK0331_RKA0,33, 
TP37,WRK0331_TAA0,25, 
TP37,WRK2201_WRK0,127, 
TP37,WTK0111_WTK0,105, 
TP38,ARA2201_ARA0,78, 
TP38,ARG1101_BRR0,12, 
TP38,ARI1101_ARI0,81, 
TP38,ARI1102_ARI0,111, 
TP38,ASB0661_HBK0,28, 
TP38,ATI2201_ATI0,74, 
TP38,AVI2201_AVI0,214, 
TP38,BEN2202_BEN0,354, 
TP38,BWK1101_WPI0,55, 
TP38,COL0661_COL0,39, 
TP38,CYD2201_CYD0,464, 
TP38,GLN0332_GLN0,64, 
TP38,HLY2201_HLY1,230, 
TP38,HLY2201_HLY2,240, 
TP38,HLY2201_HLY5,395, 
TP38,HLY2201_HLY6,48, 
TP38,HWA1101_PTA1,11, 
TP38,HWA1101_PTA2,11, 
TP38,HWA1101_PTA3,11, 
TP38,HWA1102_WAA0,35, 
TP38,HWA1102_WAA1,34, 
TP38,HWB0331_WPI0,45, 
TP38,KAW0112_ONU0,60, 
TP38,KAW1101_KAG0,106, 
TP38,KPA1101_KPI1,20, 
TP38,KPO1101_KPO0,96, 
TP38,KUM0661_KUM0,7, 
TP38,MAN2201_MAN0,615, 
TP38,MAT1101_ANI0,25, 
TP38,MAT1101_MAT0,80, 
TP38,MHO0331_MHO0,37, 
TP38,MKE1101_MKE1,100, 
TP38,MTI2201_MTI0,351, 
TP38,NAP2201_NAP0,134, 
TP38,NAP2202_NTM0,85, 
TP38,NSY0331_PAE0,12, 
TP38,OHA2201_OHA0,254, 
TP38,OHB2201_OHB0,206, 
TP38,OHC2201_OHC0,206, 
TP38,OHK2201_OHK0,106, 
TP38,OKI2201_OKI0,42, 
TP38,PPI2201_PPI0,48, 
TP38,ROT1101_WHE0,26, 
TP38,ROX1101_ROX0,125, 
TP38,ROX2201_ROX0,211, 
TP38,RPO2201_RPO0,120, 
TP38,SFD2201_SFD21,104, 
TP38,SFD2201_SFD22,104, 
TP38,SFD2201_SPL0,367, 
TP38,STK0661_COB0,32, 
TP38,TGA0331_KMI0,42, 
TP38,THI2201_THI1,79, 
TP38,THI2201_THI2,81, 
TP38,TKA0111_TKA1,25, 
TP38,TKB2201_TKB1,149, 
TP38,TKU2201_TKU0,240, 
TP38,TUI1101_KTW0,34, 
TP38,TUI1101_PRI0,44, 
TP38,TUI1101_TUI0,60, 
TP38,TWH0331_TRC1,47, 
TP38,WHI2201_WHI0,156, 
TP38,WKM2201_MOK0,102, 
TP38,WKM2201_WKM0,106, 
TP38,WPA2201_WPA0,54, 
TP38,WRK0331_RKA0,33, 
TP38,WRK0331_TAA0,25, 
TP38,WRK2201_WRK0,128, 
TP38,WTK0111_WTK0,105, 
TP39,ARA2201_ARA0,78, 
TP39,ARG1101_BRR0,12, 
TP39,ARI1101_ARI0,81, 
TP39,ARI1102_ARI0,111, 
TP39,ASB0661_HBK0,28, 
TP39,ATI2201_ATI0,74, 
TP39,AVI2201_AVI0,214, 
TP39,BEN2202_BEN0,354, 
TP39,BWK1101_WPI0,55, 
TP39,COL0661_COL0,39, 
TP39,CYD2201_CYD0,464, 
TP39,GLN0332_GLN0,64, 
TP39,HLY2201_HLY1,230, 
TP39,HLY2201_HLY2,240, 
TP39,HLY2201_HLY5,396, 
TP39,HLY2201_HLY6,48, 
TP39,HWA1101_PTA1,11, 
TP39,HWA1101_PTA2,11, 
TP39,HWA1101_PTA3,11, 
TP39,HWA1102_WAA0,35, 
TP39,HWA1102_WAA1,34, 
TP39,HWB0331_WPI0,45, 
TP39,KAW0112_ONU0,60, 
TP39,KAW1101_KAG0,106, 
TP39,KPA1101_KPI1,20, 
TP39,KPO1101_KPO0,96, 
TP39,KUM0661_KUM0,7, 
TP39,MAN2201_MAN0,615, 
TP39,MAT1101_ANI0,25, 
TP39,MAT1101_MAT0,80, 
TP39,MHO0331_MHO0,37, 
TP39,MKE1101_MKE1,100, 
TP39,MTI2201_MTI0,351, 
TP39,NAP2201_NAP0,134, 
TP39,NAP2202_NTM0,85, 
TP39,NSY0331_PAE0,12, 
TP39,OHA2201_OHA0,254, 
TP39,OHB2201_OHB0,206, 
TP39,OHC2201_OHC0,206, 
TP39,OHK2201_OHK0,106, 
TP39,OKI2201_OKI0,42, 
TP39,PPI2201_PPI0,48, 
TP39,ROT1101_WHE0,26, 
TP39,ROX1101_ROX0,125, 
TP39,ROX2201_ROX0,211, 
TP39,RPO2201_RPO0,120, 
TP39,SFD2201_SFD21,104, 
TP39,SFD2201_SFD22,104, 
TP39,SFD2201_SPL0,367, 
TP39,STK0661_COB0,32, 
TP39,TGA0331_KMI0,42, 
TP39,THI2201_THI1,80, 
TP39,THI2201_THI2,81, 
TP39,TKA0111_TKA1,25, 
TP39,TKB2201_TKB1,149, 
TP39,TKU2201_TKU0,240, 
TP39,TUI1101_KTW0,34, 
TP39,TUI1101_PRI0,44, 
TP39,TUI1101_TUI0,60, 
TP39,TWH0331_TRC1,47, 
TP39,WHI2201_WHI0,156, 
TP39,WKM2201_MOK0,102, 
TP39,WKM2201_WKM0,106, 
TP39,WPA2201_WPA0,54, 
TP39,WRK0331_RKA0,34, 
TP39,WRK0331_TAA0,25, 
TP39,WRK2201_WRK0,128, 
TP39,WTK0111_WTK0,105, 
TP40,ARA2201_ARA0,78, 
TP40,ARG1101_BRR0,12, 
TP40,ARI1101_ARI0,81, 
TP40,ARI1102_ARI0,111, 
TP40,ASB0661_HBK0,28, 
TP40,ATI2201_ATI0,74, 
TP40,AVI2201_AVI0,214, 
TP40,BEN2202_BEN0,354, 
TP40,BWK1101_WPI0,55, 
TP40,COL0661_COL0,39, 
TP40,CYD2201_CYD0,464, 
TP40,GLN0332_GLN0,64, 
TP40,HLY2201_HLY1,230, 
TP40,HLY2201_HLY2,240, 
TP40,HLY2201_HLY5,397, 
TP40,HLY2201_HLY6,48, 
TP40,HWA1101_PTA1,11, 
TP40,HWA1101_PTA2,11, 
TP40,HWA1101_PTA3,11, 
TP40,HWA1102_WAA0,35, 
TP40,HWA1102_WAA1,34, 
TP40,HWB0331_WPI0,45, 
TP40,KAW0112_ONU0,60, 
TP40,KAW1101_KAG0,106, 
TP40,KPA1101_KPI1,20, 
TP40,KPO1101_KPO0,96, 
TP40,KUM0661_KUM0,7, 
TP40,MAN2201_MAN0,615, 
TP40,MAT1101_ANI0,25, 
TP40,MAT1101_MAT0,80, 
TP40,MHO0331_MHO0,37, 
TP40,MKE1101_MKE1,100, 
TP40,MTI2201_MTI0,351, 
TP40,NAP2201_NAP0,135, 
TP40,NAP2202_NTM0,85, 
TP40,NSY0331_PAE0,12, 
TP40,OHA2201_OHA0,254, 
TP40,OHB2201_OHB0,206, 
TP40,OHC2201_OHC0,206, 
TP40,OHK2201_OHK0,106, 
TP40,OKI2201_OKI0,42, 
TP40,PPI2201_PPI0,48, 
TP40,ROT1101_WHE0,26, 
TP40,ROX1101_ROX0,125, 
TP40,ROX2201_ROX0,211, 
TP40,RPO2201_RPO0,120, 
TP40,SFD2201_SFD21,104, 
TP40,SFD2201_SFD22,104, 
TP40,SFD2201_SPL0,367, 
TP40,STK0661_COB0,32, 
TP40,TGA0331_KMI0,42, 
TP40,THI2201_THI1,80, 
TP40,THI2201_THI2,81, 
TP40,TKA0111_TKA1,25, 
TP40,TKB2201_TKB1,149, 
TP40,TKU2201_TKU0,240, 
TP40,TUI1101_KTW0,34, 
TP40,TUI1101_PRI0,44, 
TP40,TUI1101_TUI0,60, 
TP40,TWH0331_TRC1,47, 
TP40,WHI2201_WHI0,156, 
TP40,WKM2201_MOK0,102, 
TP40,WKM2201_WKM0,106, 
TP40,WPA2201_WPA0,54, 
TP40,WRK0331_RKA0,34, 
TP40,WRK0331_TAA0,25, 
TP40,WRK2201_WRK0,128, 
TP40,WTK0111_WTK0,105, 
TP41,ARA2201_ARA0,78, 
TP41,ARG1101_BRR0,12, 
TP41,ARI1101_ARI0,81, 
TP41,ARI1102_ARI0,111, 
TP41,ASB0661_HBK0,28, 
TP41,ATI2201_ATI0,74, 
TP41,AVI2201_AVI0,214, 
TP41,BEN2202_BEN0,354, 
TP41,BWK1101_WPI0,55, 
TP41,COL0661_COL0,39, 
TP41,CYD2201_CYD0,464, 
TP41,GLN0332_GLN0,64, 
TP41,HLY2201_HLY1,230, 
TP41,HLY2201_HLY2,240, 
TP41,HLY2201_HLY5,397, 
TP41,HLY2201_HLY6,48, 
TP41,HWA1101_PTA1,11, 
TP41,HWA1101_PTA2,11, 
TP41,HWA1101_PTA3,11, 
TP41,HWA1102_WAA0,35, 
TP41,HWA1102_WAA1,34, 
TP41,HWB0331_WPI0,45, 
TP41,KAW0112_ONU0,60, 
TP41,KAW1101_KAG0,106, 
TP41,KPA1101_KPI1,20, 
TP41,KPO1101_KPO0,96, 
TP41,KUM0661_KUM0,7, 
TP41,MAN2201_MAN0,615, 
TP41,MAT1101_ANI0,25, 
TP41,MAT1101_MAT0,80, 
TP41,MHO0331_MHO0,37, 
TP41,MKE1101_MKE1,100, 
TP41,MTI2201_MTI0,351, 
TP41,NAP2201_NAP0,135, 
TP41,NAP2202_NTM0,85, 
TP41,NSY0331_PAE0,12, 
TP41,OHA2201_OHA0,254, 
TP41,OHB2201_OHB0,206, 
TP41,OHC2201_OHC0,206, 
TP41,OHK2201_OHK0,106, 
TP41,OKI2201_OKI0,42, 
TP41,PPI2201_PPI0,48, 
TP41,ROT1101_WHE0,26, 
TP41,ROX1101_ROX0,126, 
TP41,ROX2201_ROX0,212, 
TP41,RPO2201_RPO0,120, 
TP41,SFD2201_SFD21,104, 
TP41,SFD2201_SFD22,104, 
TP41,SFD2201_SPL0,367, 
TP41,STK0661_COB0,32, 
TP41,TGA0331_KMI0,42, 
TP41,THI2201_THI1,80, 
TP41,THI2201_THI2,81, 
TP41,TKA0111_TKA1,25, 
TP41,TKB2201_TKB1,149, 
TP41,TKU2201_TKU0,240, 
TP41,TUI1101_KTW0,34, 
TP41,TUI1101_PRI0,44, 
TP41,TUI1101_TUI0,60, 
TP41,TWH0331_TRC1,47, 
TP41,WHI2201_WHI0,156, 
TP41,WKM2201_MOK0,102, 
TP41,WKM2201_WKM0,106, 
TP41,WPA2201_WPA0,54, 
TP41,WRK0331_RKA0,34, 
TP41,WRK0331_TAA0,25, 
TP41,WRK2201_WRK0,128, 
TP41,WTK0111_WTK0,105, 
TP42,ARA2201_ARA0,78, 
TP42,ARG1101_BRR0,12, 
TP42,ARI1101_ARI0,81, 
TP42,ARI1102_ARI0,111, 
TP42,ASB0661_HBK0,28, 
TP42,ATI2201_ATI0,74, 
TP42,AVI2201_AVI0,214, 
TP42,BEN2202_BEN0,354, 
TP42,BWK1101_WPI0,55, 
TP42,COL0661_COL0,39, 
TP42,CYD2201_CYD0,464, 
TP42,GLN0332_GLN0,64, 
TP42,HLY2201_HLY1,230, 
TP42,HLY2201_HLY2,240, 
TP42,HLY2201_HLY5,397, 
TP42,HLY2201_HLY6,48, 
TP42,HWA1101_PTA1,11, 
TP42,HWA1101_PTA2,11, 
TP42,HWA1101_PTA3,11, 
TP42,HWA1102_WAA0,35, 
TP42,HWA1102_WAA1,34, 
TP42,HWB0331_WPI0,45, 
TP42,KAW0112_ONU0,60, 
TP42,KAW1101_KAG0,106, 
TP42,KPA1101_KPI1,20, 
TP42,KPO1101_KPO0,96, 
TP42,KUM0661_KUM0,7, 
TP42,MAN2201_MAN0,615, 
TP42,MAT1101_ANI0,25, 
TP42,MAT1101_MAT0,80, 
TP42,MHO0331_MHO0,37, 
TP42,MKE1101_MKE1,100, 
TP42,MTI2201_MTI0,351, 
TP42,NAP2201_NAP0,135, 
TP42,NAP2202_NTM0,85, 
TP42,NSY0331_PAE0,12, 
TP42,OHA2201_OHA0,254, 
TP42,OHB2201_OHB0,206, 
TP42,OHC2201_OHC0,206, 
TP42,OHK2201_OHK0,106, 
TP42,OKI2201_OKI0,42, 
TP42,PPI2201_PPI0,48, 
TP42,ROT1101_WHE0,26, 
TP42,ROX1101_ROX0,126, 
TP42,ROX2201_ROX0,212, 
TP42,RPO2201_RPO0,120, 
TP42,SFD2201_SFD21,104, 
TP42,SFD2201_SFD22,104, 
TP42,SFD2201_SPL0,368, 
TP42,STK0661_COB0,32, 
TP42,TGA0331_KMI0,42, 
TP42,THI2201_THI1,80, 
TP42,THI2201_THI2,81, 
TP42,TKA0111_TKA1,25, 
TP42,TKB2201_TKB1,149, 
TP42,TKU2201_TKU0,240, 
TP42,TUI1101_KTW0,34, 
TP42,TUI1101_PRI0,44, 
TP42,TUI1101_TUI0,60, 
TP42,TWH0331_TRC1,47, 
TP42,WHI2201_WHI0,156, 
TP42,WKM2201_MOK0,102, 
TP42,WKM2201_WKM0,106, 
TP42,WPA2201_WPA0,54, 
TP42,WRK0331_RKA0,34, 
TP42,WRK0331_TAA0,25, 
TP42,WRK2201_WRK0,128, 
TP42,WTK0111_WTK0,105, 
TP43,ARA2201_ARA0,78, 
TP43,ARG1101_BRR0,12, 
TP43,ARI1101_ARI0,81, 
TP43,ARI1102_ARI0,111, 
TP43,ASB0661_HBK0,28, 
TP43,ATI2201_ATI0,74, 
TP43,AVI2201_AVI0,214, 
TP43,BEN2202_BEN0,354, 
TP43,BWK1101_WPI0,55, 
TP43,COL0661_COL0,39, 
TP43,CYD2201_CYD0,464, 
TP43,GLN0332_GLN0,64, 
TP43,HLY2201_HLY1,230, 
TP43,HLY2201_HLY2,240, 
TP43,HLY2201_HLY5,397, 
TP43,HLY2201_HLY6,48, 
TP43,HWA1101_PTA1,11, 
TP43,HWA1101_PTA2,11, 
TP43,HWA1101_PTA3,11, 
TP43,HWA1102_WAA0,35, 
TP43,HWA1102_WAA1,34, 
TP43,HWB0331_WPI0,45, 
TP43,KAW0112_ONU0,60, 
TP43,KAW1101_KAG0,106, 
TP43,KPA1101_KPI1,20, 
TP43,KPO1101_KPO0,96, 
TP43,KUM0661_KUM0,7, 
TP43,MAN2201_MAN0,615, 
TP43,MAT1101_ANI0,25, 
TP43,MAT1101_MAT0,80, 
TP43,MHO0331_MHO0,37, 
TP43,MKE1101_MKE1,100, 
TP43,MTI2201_MTI0,351, 
TP43,NAP2201_NAP0,135, 
TP43,NAP2202_NTM0,85, 
TP43,NSY0331_PAE0,12, 
TP43,OHA2201_OHA0,254, 
TP43,OHB2201_OHB0,206, 
TP43,OHC2201_OHC0,206, 
TP43,OHK2201_OHK0,106, 
TP43,OKI2201_OKI0,42, 
TP43,PPI2201_PPI0,48, 
TP43,ROT1101_WHE0,26, 
TP43,ROX1101_ROX0,127, 
TP43,ROX2201_ROX0,213, 
TP43,RPO2201_RPO0,120, 
TP43,SFD2201_SFD21,104, 
TP43,SFD2201_SFD22,104, 
TP43,SFD2201_SPL0,368, 
TP43,STK0661_COB0,32, 
TP43,TGA0331_KMI0,42, 
TP43,THI2201_THI1,80, 
TP43,THI2201_THI2,81, 
TP43,TKA0111_TKA1,25, 
TP43,TKB2201_TKB1,149, 
TP43,TKU2201_TKU0,240, 
TP43,TUI1101_KTW0,34, 
TP43,TUI1101_PRI0,44, 
TP43,TUI1101_TUI0,60, 
TP43,TWH0331_TRC1,47, 
TP43,WHI2201_WHI0,156, 
TP43,WKM2201_MOK0,102, 
TP43,WKM2201_WKM0,106, 
TP43,WPA2201_WPA0,54, 
TP43,WRK0331_RKA0,34, 
TP43,WRK0331_TAA0,25, 
TP43,WRK2201_WRK0,128, 
TP43,WTK0111_WTK0,105, 
TP44,ARA2201_ARA0,78, 
TP44,ARG1101_BRR0,12, 
TP44,ARI1101_ARI0,81, 
TP44,ARI1102_ARI0,111, 
TP44,ASB0661_HBK0,28, 
TP44,ATI2201_ATI0,74, 
TP44,AVI2201_AVI0,214, 
TP44,BEN2202_BEN0,354, 
TP44,BWK1101_WPI0,55, 
TP44,COL0661_COL0,39, 
TP44,CYD2201_CYD0,464, 
TP44,GLN0332_GLN0,64, 
TP44,HLY2201_HLY1,230, 
TP44,HLY2201_HLY2,240, 
TP44,HLY2201_HLY5,397, 
TP44,HLY2201_HLY6,48, 
TP44,HWA1101_PTA1,11, 
TP44,HWA1101_PTA2,11, 
TP44,HWA1101_PTA3,11, 
TP44,HWA1102_WAA0,35, 
TP44,HWA1102_WAA1,34, 
TP44,HWB0331_WPI0,45, 
TP44,KAW0112_ONU0,60, 
TP44,KAW1101_KAG0,106, 
TP44,KPA1101_KPI1,20, 
TP44,KPO1101_KPO0,96, 
TP44,KUM0661_KUM0,7, 
TP44,MAN2201_MAN0,615, 
TP44,MAT1101_ANI0,25, 
TP44,MAT1101_MAT0,80, 
TP44,MHO0331_MHO0,37, 
TP44,MKE1101_MKE1,100, 
TP44,MTI2201_MTI0,351, 
TP44,NAP2201_NAP0,135, 
TP44,NAP2202_NTM0,85, 
TP44,NSY0331_PAE0,12, 
TP44,OHA2201_OHA0,254, 
TP44,OHB2201_OHB0,206, 
TP44,OHC2201_OHC0,206, 
TP44,OHK2201_OHK0,106, 
TP44,OKI2201_OKI0,42, 
TP44,PPI2201_PPI0,48, 
TP44,ROT1101_WHE0,26, 
TP44,ROX1101_ROX0,127, 
TP44,ROX2201_ROX0,213, 
TP44,RPO2201_RPO0,120, 
TP44,SFD2201_SFD21,104, 
TP44,SFD2201_SFD22,104, 
TP44,SFD2201_SPL0,368, 
TP44,STK0661_COB0,32, 
TP44,TGA0331_KMI0,42, 
TP44,THI2201_THI1,80, 
TP44,THI2201_THI2,81, 
TP44,TKA0111_TKA1,25, 
TP44,TKB2201_TKB1,149, 
TP44,TKU2201_TKU0,240, 
TP44,TUI1101_KTW0,34, 
TP44,TUI1101_PRI0,44, 
TP44,TUI1101_TUI0,60, 
TP44,TWH0331_TRC1,47, 
TP44,WHI2201_WHI0,156, 
TP44,WKM2201_MOK0,102, 
TP44,WKM2201_WKM0,106, 
TP44,WPA2201_WPA0,54, 
TP44,WRK0331_RKA0,34, 
TP44,WRK0331_TAA0,25, 
TP44,WRK2201_WRK0,128, 
TP44,WTK0111_WTK0,105, 
TP45,ARA2201_ARA0,78, 
TP45,ARG1101_BRR0,12, 
TP45,ARI1101_ARI0,81, 
TP45,ARI1102_ARI0,111, 
TP45,ASB0661_HBK0,28, 
TP45,ATI2201_ATI0,74, 
TP45,AVI2201_AVI0,214, 
TP45,BEN2202_BEN0,354, 
TP45,BWK1101_WPI0,55, 
TP45,COL0661_COL0,39, 
TP45,CYD2201_CYD0,464, 
TP45,GLN0332_GLN0,64, 
TP45,HLY2201_HLY1,230, 
TP45,HLY2201_HLY2,240, 
TP45,HLY2201_HLY5,397, 
TP45,HLY2201_HLY6,48, 
TP45,HWA1101_PTA1,11, 
TP45,HWA1101_PTA2,11, 
TP45,HWA1101_PTA3,11, 
TP45,HWA1102_WAA0,35, 
TP45,HWA1102_WAA1,34, 
TP45,HWB0331_WPI0,45, 
TP45,KAW0112_ONU0,60, 
TP45,KAW1101_KAG0,106, 
TP45,KPA1101_KPI1,20, 
TP45,KPO1101_KPO0,96, 
TP45,KUM0661_KUM0,7, 
TP45,MAN2201_MAN0,615, 
TP45,MAT1101_ANI0,25, 
TP45,MAT1101_MAT0,80, 
TP45,MHO0331_MHO0,37, 
TP45,MKE1101_MKE1,100, 
TP45,MTI2201_MTI0,351, 
TP45,NAP2201_NAP0,135, 
TP45,NAP2202_NTM0,85, 
TP45,NSY0331_PAE0,12, 
TP45,OHA2201_OHA0,254, 
TP45,OHB2201_OHB0,206, 
TP45,OHC2201_OHC0,206, 
TP45,OHK2201_OHK0,106, 
TP45,OKI2201_OKI0,42, 
TP45,PPI2201_PPI0,48, 
TP45,ROT1101_WHE0,26, 
TP45,ROX1101_ROX0,127, 
TP45,ROX2201_ROX0,213, 
TP45,RPO2201_RPO0,120, 
TP45,SFD2201_SFD21,104, 
TP45,SFD2201_SFD22,104, 
TP45,SFD2201_SPL0,368, 
TP45,STK0661_COB0,32, 
TP45,TGA0331_KMI0,42, 
TP45,THI2201_THI1,80, 
TP45,THI2201_THI2,81, 
TP45,TKA0111_TKA1,25, 
TP45,TKB2201_TKB1,149, 
TP45,TKU2201_TKU0,240, 
TP45,TUI1101_KTW0,34, 
TP45,TUI1101_PRI0,44, 
TP45,TUI1101_TUI0,60, 
TP45,TWH0331_TRC1,47, 
TP45,WHI2201_WHI0,156, 
TP45,WKM2201_MOK0,104, 
TP45,WKM2201_WKM0,106, 
TP45,WPA2201_WPA0,54, 
TP45,WRK0331_RKA0,34, 
TP45,WRK0331_TAA0,25, 
TP45,WRK2201_WRK0,128, 
TP45,WTK0111_WTK0,105, 
TP46,ARA2201_ARA0,78, 
TP46,ARG1101_BRR0,12, 
TP46,ARI1101_ARI0,81, 
TP46,ARI1102_ARI0,111, 
TP46,ASB0661_HBK0,28, 
TP46,ATI2201_ATI0,74, 
TP46,AVI2201_AVI0,214, 
TP46,BEN2202_BEN0,354, 
TP46,BWK1101_WPI0,55, 
TP46,COL0661_COL0,39, 
TP46,CYD2201_CYD0,464, 
TP46,GLN0332_GLN0,64, 
TP46,HLY2201_HLY1,230, 
TP46,HLY2201_HLY2,240, 
TP46,HLY2201_HLY5,397, 
TP46,HLY2201_HLY6,48, 
TP46,HWA1101_PTA1,11, 
TP46,HWA1101_PTA2,11, 
TP46,HWA1101_PTA3,11, 
TP46,HWA1102_WAA0,35, 
TP46,HWA1102_WAA1,34, 
TP46,HWB0331_WPI0,45, 
TP46,KAW0112_ONU0,60, 
TP46,KAW1101_KAG0,106, 
TP46,KPA1101_KPI1,20, 
TP46,KPO1101_KPO0,96, 
TP46,KUM0661_KUM0,7, 
TP46,MAN2201_MAN0,615, 
TP46,MAT1101_ANI0,25, 
TP46,MAT1101_MAT0,80, 
TP46,MHO0331_MHO0,37, 
TP46,MKE1101_MKE1,100, 
TP46,MTI2201_MTI0,351, 
TP46,NAP2201_NAP0,135, 
TP46,NAP2202_NTM0,85, 
TP46,NSY0331_PAE0,12, 
TP46,OHA2201_OHA0,254, 
TP46,OHB2201_OHB0,206, 
TP46,OHC2201_OHC0,206, 
TP46,OHK2201_OHK0,106, 
TP46,OKI2201_OKI0,42, 
TP46,PPI2201_PPI0,48, 
TP46,ROT1101_WHE0,26, 
TP46,ROX1101_ROX0,128, 
TP46,ROX2201_ROX0,214, 
TP46,RPO2201_RPO0,120, 
TP46,SFD2201_SFD21,104, 
TP46,SFD2201_SFD22,104, 
TP46,SFD2201_SPL0,366, 
TP46,STK0661_COB0,32, 
TP46,TGA0331_KMI0,42, 
TP46,THI2201_THI1,80, 
TP46,THI2201_THI2,81, 
TP46,TKA0111_TKA1,25, 
TP46,TKB2201_TKB1,149, 
TP46,TKU2201_TKU0,240, 
TP46,TUI1101_KTW0,34, 
TP46,TUI1101_PRI0,44, 
TP46,TUI1101_TUI0,60, 
TP46,TWH0331_TRC1,47, 
TP46,WHI2201_WHI0,156, 
TP46,WKM2201_MOK0,105, 
TP46,WKM2201_WKM0,106, 
TP46,WPA2201_WPA0,54, 
TP46,WRK0331_RKA0,34, 
TP46,WRK0331_TAA0,25, 
TP46,WRK2201_WRK0,128, 
TP46,WTK0111_WTK0,105, 
TP47,ARA2201_ARA0,78, 
TP47,ARG1101_BRR0,12, 
TP47,ARI1101_ARI0,81, 
TP47,ARI1102_ARI0,111, 
TP47,ASB0661_HBK0,28, 
TP47,ATI2201_ATI0,74, 
TP47,AVI2201_AVI0,214, 
TP47,BEN2202_BEN0,354, 
TP47,BWK1101_WPI0,55, 
TP47,COL0661_COL0,39, 
TP47,CYD2201_CYD0,464, 
TP47,GLN0332_GLN0,57, 
TP47,HLY2201_HLY1,230, 
TP47,HLY2201_HLY2,240, 
TP47,HLY2201_HLY5,397, 
TP47,HLY2201_HLY6,48, 
TP47,HWA1101_PTA1,11, 
TP47,HWA1101_PTA2,11, 
TP47,HWA1101_PTA3,11, 
TP47,HWA1102_WAA0,35, 
TP47,HWA1102_WAA1,34, 
TP47,HWB0331_WPI0,45, 
TP47,KAW0112_ONU0,60, 
TP47,KAW1101_KAG0,106, 
TP47,KPA1101_KPI1,20, 
TP47,KPO1101_KPO0,96, 
TP47,KUM0661_KUM0,7, 
TP47,MAN2201_MAN0,615, 
TP47,MAT1101_ANI0,25, 
TP47,MAT1101_MAT0,80, 
TP47,MHO0331_MHO0,37, 
TP47,MKE1101_MKE1,100, 
TP47,MTI2201_MTI0,351, 
TP47,NAP2201_NAP0,135, 
TP47,NAP2202_NTM0,85, 
TP47,NSY0331_PAE0,12, 
TP47,OHA2201_OHA0,254, 
TP47,OHB2201_OHB0,206, 
TP47,OHC2201_OHC0,206, 
TP47,OHK2201_OHK0,106, 
TP47,OKI2201_OKI0,42, 
TP47,PPI2201_PPI0,48, 
TP47,ROT1101_WHE0,26, 
TP47,ROX1101_ROX0,128, 
TP47,ROX2201_ROX0,214, 
TP47,RPO2201_RPO0,120, 
TP47,SFD2201_SFD21,104, 
TP47,SFD2201_SFD22,104, 
TP47,SFD2201_SPL0,364, 
TP47,STK0661_COB0,32, 
TP47,TGA0331_KMI0,42, 
TP47,THI2201_THI1,80, 
TP47,THI2201_THI2,81, 
TP47,TKA0111_TKA1,25, 
TP47,TKB2201_TKB1,149, 
TP47,TKU2201_TKU0,240, 
TP47,TUI1101_KTW0,34, 
TP47,TUI1101_PRI0,44, 
TP47,TUI1101_TUI0,60, 
TP47,TWH0331_TRC1,47, 
TP47,WHI2201_WHI0,156, 
TP47,WKM2201_MOK0,60, 
TP47,WKM2201_WKM0,106, 
TP47,WPA2201_WPA0,54, 
TP47,WRK0331_RKA0,34, 
TP47,WRK0331_TAA0,25, 
TP47,WRK2201_WRK0,128, 
TP47,WTK0111_WTK0,105, 
TP48,ARA2201_ARA0,78, 
TP48,ARG1101_BRR0,12, 
TP48,ARI1101_ARI0,81, 
TP48,ARI1102_ARI0,111, 
TP48,ASB0661_HBK0,28, 
TP48,ATI2201_ATI0,74, 
TP48,AVI2201_AVI0,214, 
TP48,BEN2202_BEN0,354, 
TP48,BWK1101_WPI0,55, 
TP48,COL0661_COL0,39, 
TP48,CYD2201_CYD0,464, 
TP48,GLN0332_GLN0,57, 
TP48,HLY2201_HLY1,230, 
TP48,HLY2201_HLY2,240, 
TP48,HLY2201_HLY5,397, 
TP48,HLY2201_HLY6,48, 
TP48,HWA1101_PTA1,11, 
TP48,HWA1101_PTA2,11, 
TP48,HWA1101_PTA3,11, 
TP48,HWA1102_WAA0,35, 
TP48,HWA1102_WAA1,34, 
TP48,HWB0331_WPI0,45, 
TP48,KAW0112_ONU0,60, 
TP48,KAW1101_KAG0,106, 
TP48,KPA1101_KPI1,20, 
TP48,KPO1101_KPO0,96, 
TP48,KUM0661_KUM0,7, 
TP48,MAN2201_MAN0,615, 
TP48,MAT1101_ANI0,25, 
TP48,MAT1101_MAT0,80, 
TP48,MHO0331_MHO0,37, 
TP48,MKE1101_MKE1,100, 
TP48,MTI2201_MTI0,351, 
TP48,NAP2201_NAP0,135, 
TP48,NAP2202_NTM0,85, 
TP48,NSY0331_PAE0,12, 
TP48,OHA2201_OHA0,254, 
TP48,OHB2201_OHB0,206, 
TP48,OHC2201_OHC0,206, 
TP48,OHK2201_OHK0,106, 
TP48,OKI2201_OKI0,42, 
TP48,PPI2201_PPI0,48, 
TP48,ROT1101_WHE0,26, 
TP48,ROX1101_ROX0,128, 
TP48,ROX2201_ROX0,214, 
TP48,RPO2201_RPO0,120, 
TP48,SFD2201_SFD21,104, 
TP48,SFD2201_SFD22,104, 
TP48,SFD2201_SPL0,364, 
TP48,STK0661_COB0,32, 
TP48,TGA0331_KMI0,42, 
TP48,THI2201_THI1,80, 
TP48,THI2201_THI2,81, 
TP48,TKA0111_TKA1,25, 
TP48,TKB2201_TKB1,149, 
TP48,TKU2201_TKU0,240, 
TP48,TUI1101_KTW0,34, 
TP48,TUI1101_PRI0,44, 
TP48,TUI1101_TUI0,60, 
TP48,TWH0331_TRC1,47, 
TP48,WHI2201_WHI0,156, 
TP48,WKM2201_MOK0,60, 
TP48,WKM2201_WKM0,106, 
TP48,WPA2201_WPA0,54, 
TP48,WRK0331_RKA0,34, 
TP48,WRK0331_TAA0,25, 
TP48,WRK2201_WRK0,128, 
TP48,WTK0111_WTK0,105, 
