-,,,,,
-,,,,,
TP1,BOB1101,t1,i_ILROfferMax,2.925, 
TP1,BOB1101,t1,i_ILROfferPrice,0, 
TP1,CPK0331,t1,i_ILROfferMax,2.749, 
TP1,CPK0331,t1,i_ILROfferPrice,0.01, 
TP1,CPK0331,t2,i_ILROfferMax,1.6, 
TP1,CPK0331,t2,i_ILROfferPrice,5.15, 
TP1,CPK0331,t3,i_ILROfferMax,1.1, 
TP1,CPK0331,t3,i_ILROfferPrice,10.29, 
TP1,HAM0331,t1,i_ILROfferMax,3.014, 
TP1,HAM0331,t1,i_ILROfferPrice,0.01, 
TP1,HIN0331,t1,i_ILROfferMax,0.001, 
TP1,HIN0331,t1,i_ILROfferPrice,0, 
TP1,ISL0331,t1,i_ILROfferMax,0, 
TP1,ISL0331,t1,i_ILROfferPrice,0, 
TP1,KAW0111,t1,i_ILROfferMax,6, 
TP1,KAW0111,t1,i_ILROfferPrice,300, 
TP1,KAW0113,t1,i_ILROfferMax,28, 
TP1,KAW0113,t1,i_ILROfferPrice,0, 
TP1,KIN0331,t1,i_ILROfferMax,0, 
TP1,KIN0331,t1,i_ILROfferPrice,0, 
TP1,KMO0331,t1,i_ILROfferMax,0.001, 
TP1,KMO0331,t1,i_ILROfferPrice,0, 
TP1,KPU0661,t1,i_ILROfferMax,0.001, 
TP1,KPU0661,t1,i_ILROfferPrice,0, 
TP1,MPE1101,t1,i_ILROfferMax,3.5, 
TP1,MPE1101,t1,i_ILROfferPrice,0, 
TP1,PAO1101,t1,i_ILROfferMax,0.001, 
TP1,PAO1101,t1,i_ILROfferPrice,0, 
TP1,PEN0331,t1,i_ILROfferMax,9.02, 
TP1,PEN0331,t1,i_ILROfferPrice,0.01, 
TP1,PEN0331,t2,i_ILROfferMax,5.3, 
TP1,PEN0331,t2,i_ILROfferPrice,0.45, 
TP1,PEN0331,t3,i_ILROfferMax,4.3, 
TP1,PEN0331,t3,i_ILROfferPrice,2.95, 
TP1,WGN0331,t1,i_ILROfferMax,44.739, 
TP1,WGN0331,t1,i_ILROfferPrice,0.44, 
TP1,WGN0331,t2,i_ILROfferMax,74.565, 
TP1,WGN0331,t2,i_ILROfferPrice,1.05, 
TP1,WGN0331,t3,i_ILROfferMax,29.826, 
TP1,WGN0331,t3,i_ILROfferPrice,2.05, 
TP1,WHU0331,t1,i_ILROfferMax,0.001, 
TP1,WHU0331,t1,i_ILROfferPrice,0, 
TP1,WKO0331,t1,i_ILROfferMax,0.001, 
TP1,WKO0331,t1,i_ILROfferPrice,0, 
TP2,BOB1101,t1,i_ILROfferMax,2.618, 
TP2,BOB1101,t1,i_ILROfferPrice,0, 
TP2,CPK0331,t1,i_ILROfferMax,2.44, 
TP2,CPK0331,t1,i_ILROfferPrice,0.01, 
TP2,CPK0331,t2,i_ILROfferMax,1.5, 
TP2,CPK0331,t2,i_ILROfferPrice,5.15, 
TP2,CPK0331,t3,i_ILROfferMax,1, 
TP2,CPK0331,t3,i_ILROfferPrice,10.29, 
TP2,HAM0331,t1,i_ILROfferMax,2.186, 
TP2,HAM0331,t1,i_ILROfferPrice,0.01, 
TP2,HIN0331,t1,i_ILROfferMax,0.001, 
TP2,HIN0331,t1,i_ILROfferPrice,0, 
TP2,ISL0331,t1,i_ILROfferMax,0, 
TP2,ISL0331,t1,i_ILROfferPrice,0, 
TP2,KAW0111,t1,i_ILROfferMax,6, 
TP2,KAW0111,t1,i_ILROfferPrice,300, 
TP2,KAW0113,t1,i_ILROfferMax,28, 
TP2,KAW0113,t1,i_ILROfferPrice,0, 
TP2,KIN0331,t1,i_ILROfferMax,0, 
TP2,KIN0331,t1,i_ILROfferPrice,0, 
TP2,KMO0331,t1,i_ILROfferMax,0.001, 
TP2,KMO0331,t1,i_ILROfferPrice,0, 
TP2,KPU0661,t1,i_ILROfferMax,0.001, 
TP2,KPU0661,t1,i_ILROfferPrice,0, 
TP2,MPE1101,t1,i_ILROfferMax,3.5, 
TP2,MPE1101,t1,i_ILROfferPrice,0, 
TP2,PAO1101,t1,i_ILROfferMax,0.001, 
TP2,PAO1101,t1,i_ILROfferPrice,0, 
TP2,PEN0331,t1,i_ILROfferMax,7.225, 
TP2,PEN0331,t1,i_ILROfferPrice,0.01, 
TP2,PEN0331,t2,i_ILROfferMax,4.2, 
TP2,PEN0331,t2,i_ILROfferPrice,0.45, 
TP2,PEN0331,t3,i_ILROfferMax,3.5, 
TP2,PEN0331,t3,i_ILROfferPrice,2.95, 
TP2,WGN0331,t1,i_ILROfferMax,44.886, 
TP2,WGN0331,t1,i_ILROfferPrice,0.44, 
TP2,WGN0331,t2,i_ILROfferMax,74.81, 
TP2,WGN0331,t2,i_ILROfferPrice,1.05, 
TP2,WGN0331,t3,i_ILROfferMax,29.924, 
TP2,WGN0331,t3,i_ILROfferPrice,2.05, 
TP2,WHU0331,t1,i_ILROfferMax,0.001, 
TP2,WHU0331,t1,i_ILROfferPrice,0, 
TP2,WKO0331,t1,i_ILROfferMax,0.001, 
TP2,WKO0331,t1,i_ILROfferPrice,0, 
TP3,BOB1101,t1,i_ILROfferMax,2.499, 
TP3,BOB1101,t1,i_ILROfferPrice,0, 
TP3,CPK0331,t1,i_ILROfferMax,2.131, 
TP3,CPK0331,t1,i_ILROfferPrice,0.01, 
TP3,CPK0331,t2,i_ILROfferMax,1.3, 
TP3,CPK0331,t2,i_ILROfferPrice,5.15, 
TP3,CPK0331,t3,i_ILROfferMax,0.9, 
TP3,CPK0331,t3,i_ILROfferPrice,10.29, 
TP3,HAM0331,t1,i_ILROfferMax,1.563, 
TP3,HAM0331,t1,i_ILROfferPrice,0.01, 
TP3,HIN0331,t1,i_ILROfferMax,0.001, 
TP3,HIN0331,t1,i_ILROfferPrice,0, 
TP3,ISL0331,t1,i_ILROfferMax,0, 
TP3,ISL0331,t1,i_ILROfferPrice,0, 
TP3,KAW0111,t1,i_ILROfferMax,6, 
TP3,KAW0111,t1,i_ILROfferPrice,300, 
TP3,KAW0113,t1,i_ILROfferMax,56, 
TP3,KAW0113,t1,i_ILROfferPrice,0, 
TP3,KIN0331,t1,i_ILROfferMax,0, 
TP3,KIN0331,t1,i_ILROfferPrice,0, 
TP3,KMO0331,t1,i_ILROfferMax,0.001, 
TP3,KMO0331,t1,i_ILROfferPrice,0, 
TP3,KPU0661,t1,i_ILROfferMax,0.001, 
TP3,KPU0661,t1,i_ILROfferPrice,0, 
TP3,MPE1101,t1,i_ILROfferMax,3.5, 
TP3,MPE1101,t1,i_ILROfferPrice,0, 
TP3,PAO1101,t1,i_ILROfferMax,0.001, 
TP3,PAO1101,t1,i_ILROfferPrice,0, 
TP3,PEN0331,t1,i_ILROfferMax,6.055, 
TP3,PEN0331,t1,i_ILROfferPrice,0.01, 
TP3,PEN0331,t2,i_ILROfferMax,3.5, 
TP3,PEN0331,t2,i_ILROfferPrice,0.45, 
TP3,PEN0331,t3,i_ILROfferMax,2.9, 
TP3,PEN0331,t3,i_ILROfferPrice,2.95, 
TP3,WGN0331,t1,i_ILROfferMax,44.577, 
TP3,WGN0331,t1,i_ILROfferPrice,0.44, 
TP3,WGN0331,t2,i_ILROfferMax,74.295, 
TP3,WGN0331,t2,i_ILROfferPrice,1.05, 
TP3,WGN0331,t3,i_ILROfferMax,29.718, 
TP3,WGN0331,t3,i_ILROfferPrice,2.05, 
TP3,WHU0331,t1,i_ILROfferMax,0.001, 
TP3,WHU0331,t1,i_ILROfferPrice,0, 
TP3,WKO0331,t1,i_ILROfferMax,0.001, 
TP3,WKO0331,t1,i_ILROfferPrice,0, 
TP4,BOB1101,t1,i_ILROfferMax,2.319, 
TP4,BOB1101,t1,i_ILROfferPrice,0, 
TP4,CPK0331,t1,i_ILROfferMax,1.835, 
TP4,CPK0331,t1,i_ILROfferPrice,0.01, 
TP4,CPK0331,t2,i_ILROfferMax,1.1, 
TP4,CPK0331,t2,i_ILROfferPrice,5.15, 
TP4,CPK0331,t3,i_ILROfferMax,0.7, 
TP4,CPK0331,t3,i_ILROfferPrice,10.29, 
TP4,HAM0331,t1,i_ILROfferMax,1.374, 
TP4,HAM0331,t1,i_ILROfferPrice,0.01, 
TP4,HIN0331,t1,i_ILROfferMax,0.001, 
TP4,HIN0331,t1,i_ILROfferPrice,0, 
TP4,ISL0331,t1,i_ILROfferMax,0, 
TP4,ISL0331,t1,i_ILROfferPrice,0, 
TP4,KAW0111,t1,i_ILROfferMax,6, 
TP4,KAW0111,t1,i_ILROfferPrice,300, 
TP4,KAW0113,t1,i_ILROfferMax,56, 
TP4,KAW0113,t1,i_ILROfferPrice,0, 
TP4,KIN0331,t1,i_ILROfferMax,0, 
TP4,KIN0331,t1,i_ILROfferPrice,0, 
TP4,KMO0331,t1,i_ILROfferMax,0.001, 
TP4,KMO0331,t1,i_ILROfferPrice,0, 
TP4,KPU0661,t1,i_ILROfferMax,0.001, 
TP4,KPU0661,t1,i_ILROfferPrice,0, 
TP4,MPE1101,t1,i_ILROfferMax,3.5, 
TP4,MPE1101,t1,i_ILROfferPrice,0, 
TP4,PAO1101,t1,i_ILROfferMax,0.001, 
TP4,PAO1101,t1,i_ILROfferPrice,0, 
TP4,PEN0331,t1,i_ILROfferMax,5.26, 
TP4,PEN0331,t1,i_ILROfferPrice,0.01, 
TP4,PEN0331,t2,i_ILROfferMax,3.1, 
TP4,PEN0331,t2,i_ILROfferPrice,0.45, 
TP4,PEN0331,t3,i_ILROfferMax,2.5, 
TP4,PEN0331,t3,i_ILROfferPrice,2.95, 
TP4,WGN0331,t1,i_ILROfferMax,44.58, 
TP4,WGN0331,t1,i_ILROfferPrice,0.44, 
TP4,WGN0331,t2,i_ILROfferMax,74.301, 
TP4,WGN0331,t2,i_ILROfferPrice,1.05, 
TP4,WGN0331,t3,i_ILROfferMax,29.72, 
TP4,WGN0331,t3,i_ILROfferPrice,2.05, 
TP4,WHU0331,t1,i_ILROfferMax,0.001, 
TP4,WHU0331,t1,i_ILROfferPrice,0, 
TP4,WKO0331,t1,i_ILROfferMax,0.001, 
TP4,WKO0331,t1,i_ILROfferPrice,0, 
TP5,BOB1101,t1,i_ILROfferMax,2.025, 
TP5,BOB1101,t1,i_ILROfferPrice,0, 
TP5,CPK0331,t1,i_ILROfferMax,1.54, 
TP5,CPK0331,t1,i_ILROfferPrice,0.01, 
TP5,CPK0331,t2,i_ILROfferMax,0.9, 
TP5,CPK0331,t2,i_ILROfferPrice,5.15, 
TP5,CPK0331,t3,i_ILROfferMax,0.6, 
TP5,CPK0331,t3,i_ILROfferPrice,10.29, 
TP5,HAM0331,t1,i_ILROfferMax,1.281, 
TP5,HAM0331,t1,i_ILROfferPrice,0.01, 
TP5,HIN0331,t1,i_ILROfferMax,0.001, 
TP5,HIN0331,t1,i_ILROfferPrice,0, 
TP5,ISL0331,t1,i_ILROfferMax,0, 
TP5,ISL0331,t1,i_ILROfferPrice,0, 
TP5,KAW0111,t1,i_ILROfferMax,6, 
TP5,KAW0111,t1,i_ILROfferPrice,300, 
TP5,KAW0113,t1,i_ILROfferMax,56, 
TP5,KAW0113,t1,i_ILROfferPrice,0, 
TP5,KIN0331,t1,i_ILROfferMax,0, 
TP5,KIN0331,t1,i_ILROfferPrice,0, 
TP5,KMO0331,t1,i_ILROfferMax,0.001, 
TP5,KMO0331,t1,i_ILROfferPrice,0, 
TP5,KPU0661,t1,i_ILROfferMax,0.001, 
TP5,KPU0661,t1,i_ILROfferPrice,0, 
TP5,MPE1101,t1,i_ILROfferMax,0, 
TP5,MPE1101,t1,i_ILROfferPrice,0, 
TP5,PAO1101,t1,i_ILROfferMax,0.001, 
TP5,PAO1101,t1,i_ILROfferPrice,0, 
TP5,PEN0331,t1,i_ILROfferMax,4.675, 
TP5,PEN0331,t1,i_ILROfferPrice,0.01, 
TP5,PEN0331,t2,i_ILROfferMax,2.8, 
TP5,PEN0331,t2,i_ILROfferPrice,0.45, 
TP5,PEN0331,t3,i_ILROfferMax,2.3, 
TP5,PEN0331,t3,i_ILROfferPrice,2.95, 
TP5,WGN0331,t1,i_ILROfferMax,44.446, 
TP5,WGN0331,t1,i_ILROfferPrice,0.44, 
TP5,WGN0331,t2,i_ILROfferMax,74.077, 
TP5,WGN0331,t2,i_ILROfferPrice,1.05, 
TP5,WGN0331,t3,i_ILROfferMax,29.631, 
TP5,WGN0331,t3,i_ILROfferPrice,2.05, 
TP5,WHU0331,t1,i_ILROfferMax,0.001, 
TP5,WHU0331,t1,i_ILROfferPrice,0, 
TP5,WKO0331,t1,i_ILROfferMax,0.001, 
TP5,WKO0331,t1,i_ILROfferPrice,0, 
TP6,BOB1101,t1,i_ILROfferMax,2.097, 
TP6,BOB1101,t1,i_ILROfferPrice,0, 
TP6,CPK0331,t1,i_ILROfferMax,1.385, 
TP6,CPK0331,t1,i_ILROfferPrice,0.01, 
TP6,CPK0331,t2,i_ILROfferMax,0.8, 
TP6,CPK0331,t2,i_ILROfferPrice,5.15, 
TP6,CPK0331,t3,i_ILROfferMax,0.6, 
TP6,CPK0331,t3,i_ILROfferPrice,10.29, 
TP6,HAM0331,t1,i_ILROfferMax,1.281, 
TP6,HAM0331,t1,i_ILROfferPrice,0.01, 
TP6,HIN0331,t1,i_ILROfferMax,0.001, 
TP6,HIN0331,t1,i_ILROfferPrice,0, 
TP6,ISL0331,t1,i_ILROfferMax,0, 
TP6,ISL0331,t1,i_ILROfferPrice,0, 
TP6,KAW0111,t1,i_ILROfferMax,6, 
TP6,KAW0111,t1,i_ILROfferPrice,300, 
TP6,KAW0113,t1,i_ILROfferMax,56, 
TP6,KAW0113,t1,i_ILROfferPrice,0, 
TP6,KIN0331,t1,i_ILROfferMax,0, 
TP6,KIN0331,t1,i_ILROfferPrice,0, 
TP6,KMO0331,t1,i_ILROfferMax,0.001, 
TP6,KMO0331,t1,i_ILROfferPrice,0, 
TP6,KPU0661,t1,i_ILROfferMax,0.001, 
TP6,KPU0661,t1,i_ILROfferPrice,0, 
TP6,MPE1101,t1,i_ILROfferMax,0, 
TP6,MPE1101,t1,i_ILROfferPrice,0, 
TP6,PAO1101,t1,i_ILROfferMax,0.001, 
TP6,PAO1101,t1,i_ILROfferPrice,0, 
TP6,PEN0331,t1,i_ILROfferMax,4.23, 
TP6,PEN0331,t1,i_ILROfferPrice,0.01, 
TP6,PEN0331,t2,i_ILROfferMax,2.5, 
TP6,PEN0331,t2,i_ILROfferPrice,0.45, 
TP6,PEN0331,t3,i_ILROfferMax,2, 
TP6,PEN0331,t3,i_ILROfferPrice,2.95, 
TP6,WGN0331,t1,i_ILROfferMax,44.381, 
TP6,WGN0331,t1,i_ILROfferPrice,0.44, 
TP6,WGN0331,t2,i_ILROfferMax,73.968, 
TP6,WGN0331,t2,i_ILROfferPrice,1.05, 
TP6,WGN0331,t3,i_ILROfferMax,29.587, 
TP6,WGN0331,t3,i_ILROfferPrice,2.05, 
TP6,WHU0331,t1,i_ILROfferMax,0.001, 
TP6,WHU0331,t1,i_ILROfferPrice,0, 
TP6,WKO0331,t1,i_ILROfferMax,0.001, 
TP6,WKO0331,t1,i_ILROfferPrice,0, 
TP7,BOB1101,t1,i_ILROfferMax,1.989, 
TP7,BOB1101,t1,i_ILROfferPrice,0, 
TP7,CPK0331,t1,i_ILROfferMax,1.23, 
TP7,CPK0331,t1,i_ILROfferPrice,0.01, 
TP7,CPK0331,t2,i_ILROfferMax,0.7, 
TP7,CPK0331,t2,i_ILROfferPrice,5.15, 
TP7,CPK0331,t3,i_ILROfferMax,0.5, 
TP7,CPK0331,t3,i_ILROfferPrice,10.29, 
TP7,HAM0331,t1,i_ILROfferMax,1.281, 
TP7,HAM0331,t1,i_ILROfferPrice,0.01, 
TP7,HIN0331,t1,i_ILROfferMax,0.001, 
TP7,HIN0331,t1,i_ILROfferPrice,0, 
TP7,ISL0331,t1,i_ILROfferMax,0, 
TP7,ISL0331,t1,i_ILROfferPrice,0, 
TP7,KAW0111,t1,i_ILROfferMax,6, 
TP7,KAW0111,t1,i_ILROfferPrice,300, 
TP7,KAW0113,t1,i_ILROfferMax,56, 
TP7,KAW0113,t1,i_ILROfferPrice,0, 
TP7,KIN0331,t1,i_ILROfferMax,0, 
TP7,KIN0331,t1,i_ILROfferPrice,0, 
TP7,KMO0331,t1,i_ILROfferMax,0.001, 
TP7,KMO0331,t1,i_ILROfferPrice,0, 
TP7,KPU0661,t1,i_ILROfferMax,0.001, 
TP7,KPU0661,t1,i_ILROfferPrice,0, 
TP7,MPE1101,t1,i_ILROfferMax,0, 
TP7,MPE1101,t1,i_ILROfferPrice,0, 
TP7,PAO1101,t1,i_ILROfferMax,0.001, 
TP7,PAO1101,t1,i_ILROfferPrice,0, 
TP7,PEN0331,t1,i_ILROfferMax,4.2, 
TP7,PEN0331,t1,i_ILROfferPrice,0.01, 
TP7,PEN0331,t2,i_ILROfferMax,2.5, 
TP7,PEN0331,t2,i_ILROfferPrice,0.45, 
TP7,PEN0331,t3,i_ILROfferMax,2, 
TP7,PEN0331,t3,i_ILROfferPrice,2.95, 
TP7,WGN0331,t1,i_ILROfferMax,44.268, 
TP7,WGN0331,t1,i_ILROfferPrice,0.44, 
TP7,WGN0331,t2,i_ILROfferMax,73.779, 
TP7,WGN0331,t2,i_ILROfferPrice,1.05, 
TP7,WGN0331,t3,i_ILROfferMax,29.512, 
TP7,WGN0331,t3,i_ILROfferPrice,2.05, 
TP7,WHU0331,t1,i_ILROfferMax,0.001, 
TP7,WHU0331,t1,i_ILROfferPrice,0, 
TP7,WKO0331,t1,i_ILROfferMax,0.001, 
TP7,WKO0331,t1,i_ILROfferPrice,0, 
TP8,BOB1101,t1,i_ILROfferMax,1.971, 
TP8,BOB1101,t1,i_ILROfferPrice,0, 
TP8,CPK0331,t1,i_ILROfferMax,1.203, 
TP8,CPK0331,t1,i_ILROfferPrice,0.01, 
TP8,CPK0331,t2,i_ILROfferMax,0.7, 
TP8,CPK0331,t2,i_ILROfferPrice,5.15, 
TP8,CPK0331,t3,i_ILROfferMax,0.5, 
TP8,CPK0331,t3,i_ILROfferPrice,10.29, 
TP8,HAM0331,t1,i_ILROfferMax,1.281, 
TP8,HAM0331,t1,i_ILROfferPrice,0.01, 
TP8,HIN0331,t1,i_ILROfferMax,0.001, 
TP8,HIN0331,t1,i_ILROfferPrice,0, 
TP8,ISL0331,t1,i_ILROfferMax,0, 
TP8,ISL0331,t1,i_ILROfferPrice,0, 
TP8,KAW0111,t1,i_ILROfferMax,6, 
TP8,KAW0111,t1,i_ILROfferPrice,300, 
TP8,KAW0113,t1,i_ILROfferMax,56, 
TP8,KAW0113,t1,i_ILROfferPrice,0, 
TP8,KIN0331,t1,i_ILROfferMax,0, 
TP8,KIN0331,t1,i_ILROfferPrice,0, 
TP8,KMO0331,t1,i_ILROfferMax,0.001, 
TP8,KMO0331,t1,i_ILROfferPrice,0, 
TP8,KPU0661,t1,i_ILROfferMax,0.001, 
TP8,KPU0661,t1,i_ILROfferPrice,0, 
TP8,MPE1101,t1,i_ILROfferMax,0, 
TP8,MPE1101,t1,i_ILROfferPrice,0, 
TP8,PAO1101,t1,i_ILROfferMax,0.001, 
TP8,PAO1101,t1,i_ILROfferPrice,0, 
TP8,PEN0331,t1,i_ILROfferMax,4.265, 
TP8,PEN0331,t1,i_ILROfferPrice,0.01, 
TP8,PEN0331,t2,i_ILROfferMax,2.5, 
TP8,PEN0331,t2,i_ILROfferPrice,0.45, 
TP8,PEN0331,t3,i_ILROfferMax,2.1, 
TP8,PEN0331,t3,i_ILROfferPrice,2.95, 
TP8,WGN0331,t1,i_ILROfferMax,44.295, 
TP8,WGN0331,t1,i_ILROfferPrice,0.44, 
TP8,WGN0331,t2,i_ILROfferMax,73.825, 
TP8,WGN0331,t2,i_ILROfferPrice,1.05, 
TP8,WGN0331,t3,i_ILROfferMax,29.53, 
TP8,WGN0331,t3,i_ILROfferPrice,2.05, 
TP8,WHU0331,t1,i_ILROfferMax,0.001, 
TP8,WHU0331,t1,i_ILROfferPrice,0, 
TP8,WKO0331,t1,i_ILROfferMax,0.001, 
TP8,WKO0331,t1,i_ILROfferPrice,0, 
TP9,BOB1101,t1,i_ILROfferMax,1.953, 
TP9,BOB1101,t1,i_ILROfferPrice,0, 
TP9,CPK0331,t1,i_ILROfferMax,1.176, 
TP9,CPK0331,t1,i_ILROfferPrice,0.01, 
TP9,CPK0331,t2,i_ILROfferMax,0.7, 
TP9,CPK0331,t2,i_ILROfferPrice,5.15, 
TP9,CPK0331,t3,i_ILROfferMax,0.5, 
TP9,CPK0331,t3,i_ILROfferPrice,10.29, 
TP9,HAM0331,t1,i_ILROfferMax,1.352, 
TP9,HAM0331,t1,i_ILROfferPrice,0.01, 
TP9,HIN0331,t1,i_ILROfferMax,0.001, 
TP9,HIN0331,t1,i_ILROfferPrice,0, 
TP9,ISL0331,t1,i_ILROfferMax,0, 
TP9,ISL0331,t1,i_ILROfferPrice,0, 
TP9,KAW0111,t1,i_ILROfferMax,6, 
TP9,KAW0111,t1,i_ILROfferPrice,300, 
TP9,KAW0113,t1,i_ILROfferMax,56, 
TP9,KAW0113,t1,i_ILROfferPrice,0, 
TP9,KIN0331,t1,i_ILROfferMax,0, 
TP9,KIN0331,t1,i_ILROfferPrice,0, 
TP9,KMO0331,t1,i_ILROfferMax,0.001, 
TP9,KMO0331,t1,i_ILROfferPrice,0, 
TP9,KPU0661,t1,i_ILROfferMax,0.001, 
TP9,KPU0661,t1,i_ILROfferPrice,0, 
TP9,MPE1101,t1,i_ILROfferMax,0, 
TP9,MPE1101,t1,i_ILROfferPrice,0, 
TP9,PAO1101,t1,i_ILROfferMax,0.001, 
TP9,PAO1101,t1,i_ILROfferPrice,0, 
TP9,PEN0331,t1,i_ILROfferMax,4.465, 
TP9,PEN0331,t1,i_ILROfferPrice,0.01, 
TP9,PEN0331,t2,i_ILROfferMax,2.6, 
TP9,PEN0331,t2,i_ILROfferPrice,0.45, 
TP9,PEN0331,t3,i_ILROfferMax,2.2, 
TP9,PEN0331,t3,i_ILROfferPrice,2.95, 
TP9,WGN0331,t1,i_ILROfferMax,44.357, 
TP9,WGN0331,t1,i_ILROfferPrice,0.44, 
TP9,WGN0331,t2,i_ILROfferMax,73.929, 
TP9,WGN0331,t2,i_ILROfferPrice,1.05, 
TP9,WGN0331,t3,i_ILROfferMax,29.572, 
TP9,WGN0331,t3,i_ILROfferPrice,2.05, 
TP9,WHU0331,t1,i_ILROfferMax,0.001, 
TP9,WHU0331,t1,i_ILROfferPrice,0, 
TP9,WKO0331,t1,i_ILROfferMax,0.001, 
TP9,WKO0331,t1,i_ILROfferPrice,0, 
TP10,BOB1101,t1,i_ILROfferMax,1.935, 
TP10,BOB1101,t1,i_ILROfferPrice,0, 
TP10,CPK0331,t1,i_ILROfferMax,1.089, 
TP10,CPK0331,t1,i_ILROfferPrice,0.01, 
TP10,CPK0331,t2,i_ILROfferMax,0.7, 
TP10,CPK0331,t2,i_ILROfferPrice,5.15, 
TP10,CPK0331,t3,i_ILROfferMax,0.4, 
TP10,CPK0331,t3,i_ILROfferPrice,10.29, 
TP10,HAM0331,t1,i_ILROfferMax,1.454, 
TP10,HAM0331,t1,i_ILROfferPrice,0.01, 
TP10,HIN0331,t1,i_ILROfferMax,0.001, 
TP10,HIN0331,t1,i_ILROfferPrice,0, 
TP10,ISL0331,t1,i_ILROfferMax,0, 
TP10,ISL0331,t1,i_ILROfferPrice,0, 
TP10,KAW0111,t1,i_ILROfferMax,6, 
TP10,KAW0111,t1,i_ILROfferPrice,300, 
TP10,KAW0113,t1,i_ILROfferMax,56, 
TP10,KAW0113,t1,i_ILROfferPrice,0, 
TP10,KIN0331,t1,i_ILROfferMax,0, 
TP10,KIN0331,t1,i_ILROfferPrice,0, 
TP10,KMO0331,t1,i_ILROfferMax,0.001, 
TP10,KMO0331,t1,i_ILROfferPrice,0, 
TP10,KPU0661,t1,i_ILROfferMax,0.001, 
TP10,KPU0661,t1,i_ILROfferPrice,0, 
TP10,MPE1101,t1,i_ILROfferMax,0, 
TP10,MPE1101,t1,i_ILROfferPrice,0, 
TP10,PAO1101,t1,i_ILROfferMax,0.001, 
TP10,PAO1101,t1,i_ILROfferPrice,0, 
TP10,PEN0331,t1,i_ILROfferMax,4.705, 
TP10,PEN0331,t1,i_ILROfferPrice,0.01, 
TP10,PEN0331,t2,i_ILROfferMax,2.7, 
TP10,PEN0331,t2,i_ILROfferPrice,0.45, 
TP10,PEN0331,t3,i_ILROfferMax,2.3, 
TP10,PEN0331,t3,i_ILROfferPrice,2.95, 
TP10,WGN0331,t1,i_ILROfferMax,44.285, 
TP10,WGN0331,t1,i_ILROfferPrice,0.44, 
TP10,WGN0331,t2,i_ILROfferMax,73.808, 
TP10,WGN0331,t2,i_ILROfferPrice,1.05, 
TP10,WGN0331,t3,i_ILROfferMax,29.523, 
TP10,WGN0331,t3,i_ILROfferPrice,2.05, 
TP10,WHU0331,t1,i_ILROfferMax,0.001, 
TP10,WHU0331,t1,i_ILROfferPrice,0, 
TP10,WKO0331,t1,i_ILROfferMax,0.001, 
TP10,WKO0331,t1,i_ILROfferPrice,0, 
TP11,BOB1101,t1,i_ILROfferMax,1.917, 
TP11,BOB1101,t1,i_ILROfferPrice,0, 
TP11,CPK0331,t1,i_ILROfferMax,1.002, 
TP11,CPK0331,t1,i_ILROfferPrice,0.01, 
TP11,CPK0331,t2,i_ILROfferMax,0.6, 
TP11,CPK0331,t2,i_ILROfferPrice,5.15, 
TP11,CPK0331,t3,i_ILROfferMax,0.4, 
TP11,CPK0331,t3,i_ILROfferPrice,10.29, 
TP11,HAM0331,t1,i_ILROfferMax,1.52, 
TP11,HAM0331,t1,i_ILROfferPrice,0.01, 
TP11,HIN0331,t1,i_ILROfferMax,0.001, 
TP11,HIN0331,t1,i_ILROfferPrice,0, 
TP11,ISL0331,t1,i_ILROfferMax,0, 
TP11,ISL0331,t1,i_ILROfferPrice,0, 
TP11,KAW0111,t1,i_ILROfferMax,6, 
TP11,KAW0111,t1,i_ILROfferPrice,300, 
TP11,KAW0113,t1,i_ILROfferMax,56, 
TP11,KAW0113,t1,i_ILROfferPrice,0, 
TP11,KIN0331,t1,i_ILROfferMax,0, 
TP11,KIN0331,t1,i_ILROfferPrice,0, 
TP11,KMO0331,t1,i_ILROfferMax,0.001, 
TP11,KMO0331,t1,i_ILROfferPrice,0, 
TP11,KPU0661,t1,i_ILROfferMax,0.001, 
TP11,KPU0661,t1,i_ILROfferPrice,0, 
TP11,MPE1101,t1,i_ILROfferMax,0, 
TP11,MPE1101,t1,i_ILROfferPrice,0, 
TP11,PAO1101,t1,i_ILROfferMax,0.001, 
TP11,PAO1101,t1,i_ILROfferPrice,0, 
TP11,PEN0331,t1,i_ILROfferMax,4.91, 
TP11,PEN0331,t1,i_ILROfferPrice,0.01, 
TP11,PEN0331,t2,i_ILROfferMax,2.8, 
TP11,PEN0331,t2,i_ILROfferPrice,0.45, 
TP11,PEN0331,t3,i_ILROfferMax,2.4, 
TP11,PEN0331,t3,i_ILROfferPrice,2.95, 
TP11,WGN0331,t1,i_ILROfferMax,50.259, 
TP11,WGN0331,t1,i_ILROfferPrice,0.44, 
TP11,WGN0331,t2,i_ILROfferMax,83.765, 
TP11,WGN0331,t2,i_ILROfferPrice,1.05, 
TP11,WGN0331,t3,i_ILROfferMax,33.506, 
TP11,WGN0331,t3,i_ILROfferPrice,2.05, 
TP11,WHU0331,t1,i_ILROfferMax,0.001, 
TP11,WHU0331,t1,i_ILROfferPrice,0, 
TP11,WKO0331,t1,i_ILROfferMax,0.001, 
TP11,WKO0331,t1,i_ILROfferPrice,0, 
TP12,BOB1101,t1,i_ILROfferMax,1.899, 
TP12,BOB1101,t1,i_ILROfferPrice,0, 
TP12,CPK0331,t1,i_ILROfferMax,1.615, 
TP12,CPK0331,t1,i_ILROfferPrice,0.01, 
TP12,CPK0331,t2,i_ILROfferMax,1, 
TP12,CPK0331,t2,i_ILROfferPrice,5.15, 
TP12,CPK0331,t3,i_ILROfferMax,0.6, 
TP12,CPK0331,t3,i_ILROfferPrice,10.29, 
TP12,HAM0331,t1,i_ILROfferMax,1.532, 
TP12,HAM0331,t1,i_ILROfferPrice,0.01, 
TP12,HIN0331,t1,i_ILROfferMax,0.001, 
TP12,HIN0331,t1,i_ILROfferPrice,0, 
TP12,ISL0331,t1,i_ILROfferMax,0, 
TP12,ISL0331,t1,i_ILROfferPrice,0, 
TP12,KAW0111,t1,i_ILROfferMax,6, 
TP12,KAW0111,t1,i_ILROfferPrice,300, 
TP12,KAW0113,t1,i_ILROfferMax,56, 
TP12,KAW0113,t1,i_ILROfferPrice,0, 
TP12,KIN0331,t1,i_ILROfferMax,0, 
TP12,KIN0331,t1,i_ILROfferPrice,0, 
TP12,KMO0331,t1,i_ILROfferMax,0.001, 
TP12,KMO0331,t1,i_ILROfferPrice,0, 
TP12,KPU0661,t1,i_ILROfferMax,0.001, 
TP12,KPU0661,t1,i_ILROfferPrice,0, 
TP12,MPE1101,t1,i_ILROfferMax,0, 
TP12,MPE1101,t1,i_ILROfferPrice,0, 
TP12,PAO1101,t1,i_ILROfferMax,0.001, 
TP12,PAO1101,t1,i_ILROfferPrice,0, 
TP12,PEN0331,t1,i_ILROfferMax,5.11, 
TP12,PEN0331,t1,i_ILROfferPrice,0.01, 
TP12,PEN0331,t2,i_ILROfferMax,2.9, 
TP12,PEN0331,t2,i_ILROfferPrice,0.45, 
TP12,PEN0331,t3,i_ILROfferMax,2.5, 
TP12,PEN0331,t3,i_ILROfferPrice,2.95, 
TP12,WGN0331,t1,i_ILROfferMax,50.551, 
TP12,WGN0331,t1,i_ILROfferPrice,0.44, 
TP12,WGN0331,t2,i_ILROfferMax,84.251, 
TP12,WGN0331,t2,i_ILROfferPrice,1.05, 
TP12,WGN0331,t3,i_ILROfferMax,33.701, 
TP12,WGN0331,t3,i_ILROfferPrice,2.05, 
TP12,WHU0331,t1,i_ILROfferMax,0.001, 
TP12,WHU0331,t1,i_ILROfferPrice,0, 
TP12,WKO0331,t1,i_ILROfferMax,0.001, 
TP12,WKO0331,t1,i_ILROfferPrice,0, 
TP13,BOB1101,t1,i_ILROfferMax,1.881, 
TP13,BOB1101,t1,i_ILROfferPrice,0, 
TP13,CPK0331,t1,i_ILROfferMax,2.228, 
TP13,CPK0331,t1,i_ILROfferPrice,0.01, 
TP13,CPK0331,t2,i_ILROfferMax,1.3, 
TP13,CPK0331,t2,i_ILROfferPrice,5.15, 
TP13,CPK0331,t3,i_ILROfferMax,0.9, 
TP13,CPK0331,t3,i_ILROfferPrice,10.29, 
TP13,HAM0331,t1,i_ILROfferMax,1.657, 
TP13,HAM0331,t1,i_ILROfferPrice,0.01, 
TP13,HIN0331,t1,i_ILROfferMax,0.001, 
TP13,HIN0331,t1,i_ILROfferPrice,0, 
TP13,ISL0331,t1,i_ILROfferMax,0, 
TP13,ISL0331,t1,i_ILROfferPrice,0, 
TP13,KAW0111,t1,i_ILROfferMax,6, 
TP13,KAW0111,t1,i_ILROfferPrice,300, 
TP13,KAW0113,t1,i_ILROfferMax,56, 
TP13,KAW0113,t1,i_ILROfferPrice,0, 
TP13,KIN0331,t1,i_ILROfferMax,0, 
TP13,KIN0331,t1,i_ILROfferPrice,0, 
TP13,KMO0331,t1,i_ILROfferMax,0.001, 
TP13,KMO0331,t1,i_ILROfferPrice,0, 
TP13,KPU0661,t1,i_ILROfferMax,0.001, 
TP13,KPU0661,t1,i_ILROfferPrice,0, 
TP13,MPE1101,t1,i_ILROfferMax,3, 
TP13,MPE1101,t1,i_ILROfferPrice,0, 
TP13,PAO1101,t1,i_ILROfferMax,0.001, 
TP13,PAO1101,t1,i_ILROfferPrice,0, 
TP13,PEN0331,t1,i_ILROfferMax,6.11, 
TP13,PEN0331,t1,i_ILROfferPrice,0.01, 
TP13,PEN0331,t2,i_ILROfferMax,3.4, 
TP13,PEN0331,t2,i_ILROfferPrice,0.45, 
TP13,PEN0331,t3,i_ILROfferMax,3, 
TP13,PEN0331,t3,i_ILROfferPrice,2.95, 
TP13,WGN0331,t1,i_ILROfferMax,50.858, 
TP13,WGN0331,t1,i_ILROfferPrice,0.44, 
TP13,WGN0331,t2,i_ILROfferMax,84.764, 
TP13,WGN0331,t2,i_ILROfferPrice,1.05, 
TP13,WGN0331,t3,i_ILROfferMax,33.906, 
TP13,WGN0331,t3,i_ILROfferPrice,2.05, 
TP13,WHU0331,t1,i_ILROfferMax,0.001, 
TP13,WHU0331,t1,i_ILROfferPrice,0, 
TP13,WKO0331,t1,i_ILROfferMax,0.001, 
TP13,WKO0331,t1,i_ILROfferPrice,0, 
TP14,BOB1101,t1,i_ILROfferMax,2.285, 
TP14,BOB1101,t1,i_ILROfferPrice,0, 
TP14,CPK0331,t1,i_ILROfferMax,2.896, 
TP14,CPK0331,t1,i_ILROfferPrice,0.01, 
TP14,CPK0331,t2,i_ILROfferMax,1.7, 
TP14,CPK0331,t2,i_ILROfferPrice,5.15, 
TP14,CPK0331,t3,i_ILROfferMax,1.2, 
TP14,CPK0331,t3,i_ILROfferPrice,10.29, 
TP14,HAM0331,t1,i_ILROfferMax,1.604, 
TP14,HAM0331,t1,i_ILROfferPrice,0.01, 
TP14,HIN0331,t1,i_ILROfferMax,0.001, 
TP14,HIN0331,t1,i_ILROfferPrice,0, 
TP14,ISL0331,t1,i_ILROfferMax,0, 
TP14,ISL0331,t1,i_ILROfferPrice,0, 
TP14,KAW0111,t1,i_ILROfferMax,6, 
TP14,KAW0111,t1,i_ILROfferPrice,300, 
TP14,KAW0113,t1,i_ILROfferMax,56, 
TP14,KAW0113,t1,i_ILROfferPrice,0, 
TP14,KIN0331,t1,i_ILROfferMax,0, 
TP14,KIN0331,t1,i_ILROfferPrice,0, 
TP14,KMO0331,t1,i_ILROfferMax,0.001, 
TP14,KMO0331,t1,i_ILROfferPrice,0, 
TP14,KPU0661,t1,i_ILROfferMax,0.001, 
TP14,KPU0661,t1,i_ILROfferPrice,0, 
TP14,MPE1101,t1,i_ILROfferMax,3, 
TP14,MPE1101,t1,i_ILROfferPrice,0, 
TP14,PAO1101,t1,i_ILROfferMax,0.001, 
TP14,PAO1101,t1,i_ILROfferPrice,0, 
TP14,PEN0331,t1,i_ILROfferMax,9.68, 
TP14,PEN0331,t1,i_ILROfferPrice,0.01, 
TP14,PEN0331,t2,i_ILROfferMax,5.9, 
TP14,PEN0331,t2,i_ILROfferPrice,0.45, 
TP14,PEN0331,t3,i_ILROfferMax,4.6, 
TP14,PEN0331,t3,i_ILROfferPrice,2.95, 
TP14,WGN0331,t1,i_ILROfferMax,51.118, 
TP14,WGN0331,t1,i_ILROfferPrice,0.44, 
TP14,WGN0331,t2,i_ILROfferMax,85.197, 
TP14,WGN0331,t2,i_ILROfferPrice,1.05, 
TP14,WGN0331,t3,i_ILROfferMax,34.079, 
TP14,WGN0331,t3,i_ILROfferPrice,2.05, 
TP14,WHU0331,t1,i_ILROfferMax,0.001, 
TP14,WHU0331,t1,i_ILROfferPrice,0, 
TP14,WKO0331,t1,i_ILROfferMax,0.001, 
TP14,WKO0331,t1,i_ILROfferPrice,0, 
TP15,BOB1101,t1,i_ILROfferMax,1.845, 
TP15,BOB1101,t1,i_ILROfferPrice,0, 
TP15,CPK0331,t1,i_ILROfferMax,4.016, 
TP15,CPK0331,t1,i_ILROfferPrice,0.01, 
TP15,CPK0331,t2,i_ILROfferMax,2.4, 
TP15,CPK0331,t2,i_ILROfferPrice,5.15, 
TP15,CPK0331,t3,i_ILROfferMax,1.6, 
TP15,CPK0331,t3,i_ILROfferPrice,10.29, 
TP15,HAM0331,t1,i_ILROfferMax,2.271, 
TP15,HAM0331,t1,i_ILROfferPrice,0.01, 
TP15,HIN0331,t1,i_ILROfferMax,0.001, 
TP15,HIN0331,t1,i_ILROfferPrice,0, 
TP15,ISL0331,t1,i_ILROfferMax,0, 
TP15,ISL0331,t1,i_ILROfferPrice,0, 
TP15,KAW0111,t1,i_ILROfferMax,6, 
TP15,KAW0111,t1,i_ILROfferPrice,300, 
TP15,KAW0113,t1,i_ILROfferMax,56, 
TP15,KAW0113,t1,i_ILROfferPrice,0, 
TP15,KIN0331,t1,i_ILROfferMax,0, 
TP15,KIN0331,t1,i_ILROfferPrice,0, 
TP15,KMO0331,t1,i_ILROfferMax,0.001, 
TP15,KMO0331,t1,i_ILROfferPrice,0, 
TP15,KPU0661,t1,i_ILROfferMax,0.001, 
TP15,KPU0661,t1,i_ILROfferPrice,0, 
TP15,MPE1101,t1,i_ILROfferMax,3, 
TP15,MPE1101,t1,i_ILROfferPrice,0, 
TP15,PAO1101,t1,i_ILROfferMax,0.001, 
TP15,PAO1101,t1,i_ILROfferPrice,0, 
TP15,PEN0331,t1,i_ILROfferMax,15.135, 
TP15,PEN0331,t1,i_ILROfferPrice,0.01, 
TP15,PEN0331,t2,i_ILROfferMax,9.5, 
TP15,PEN0331,t2,i_ILROfferPrice,0.45, 
TP15,PEN0331,t3,i_ILROfferMax,7.2, 
TP15,PEN0331,t3,i_ILROfferPrice,2.95, 
TP15,WGN0331,t1,i_ILROfferMax,52.205, 
TP15,WGN0331,t1,i_ILROfferPrice,0.44, 
TP15,WGN0331,t2,i_ILROfferMax,87.009, 
TP15,WGN0331,t2,i_ILROfferPrice,1.05, 
TP15,WGN0331,t3,i_ILROfferMax,34.804, 
TP15,WGN0331,t3,i_ILROfferPrice,2.05, 
TP15,WHU0331,t1,i_ILROfferMax,0.001, 
TP15,WHU0331,t1,i_ILROfferPrice,0, 
TP15,WKO0331,t1,i_ILROfferMax,0.001, 
TP15,WKO0331,t1,i_ILROfferPrice,0, 
TP16,BOB1101,t1,i_ILROfferMax,3.111, 
TP16,BOB1101,t1,i_ILROfferPrice,0, 
TP16,CPK0331,t1,i_ILROfferMax,4.016, 
TP16,CPK0331,t1,i_ILROfferPrice,0.01, 
TP16,CPK0331,t2,i_ILROfferMax,2.4, 
TP16,CPK0331,t2,i_ILROfferPrice,5.15, 
TP16,CPK0331,t3,i_ILROfferMax,1.6, 
TP16,CPK0331,t3,i_ILROfferPrice,10.29, 
TP16,HAM0331,t1,i_ILROfferMax,2.864, 
TP16,HAM0331,t1,i_ILROfferPrice,0.01, 
TP16,HIN0331,t1,i_ILROfferMax,0.001, 
TP16,HIN0331,t1,i_ILROfferPrice,0, 
TP16,ISL0331,t1,i_ILROfferMax,0, 
TP16,ISL0331,t1,i_ILROfferPrice,0, 
TP16,KAW0111,t1,i_ILROfferMax,6, 
TP16,KAW0111,t1,i_ILROfferPrice,300, 
TP16,KAW0113,t1,i_ILROfferMax,56, 
TP16,KAW0113,t1,i_ILROfferPrice,0, 
TP16,KIN0331,t1,i_ILROfferMax,0, 
TP16,KIN0331,t1,i_ILROfferPrice,0, 
TP16,KMO0331,t1,i_ILROfferMax,0.001, 
TP16,KMO0331,t1,i_ILROfferPrice,0, 
TP16,KPU0661,t1,i_ILROfferMax,0.001, 
TP16,KPU0661,t1,i_ILROfferPrice,0, 
TP16,MPE1101,t1,i_ILROfferMax,3, 
TP16,MPE1101,t1,i_ILROfferPrice,0, 
TP16,PAO1101,t1,i_ILROfferMax,0.001, 
TP16,PAO1101,t1,i_ILROfferPrice,0, 
TP16,PEN0331,t1,i_ILROfferMax,17.885, 
TP16,PEN0331,t1,i_ILROfferPrice,0.01, 
TP16,PEN0331,t2,i_ILROfferMax,10.9, 
TP16,PEN0331,t2,i_ILROfferPrice,0.45, 
TP16,PEN0331,t3,i_ILROfferMax,8.6, 
TP16,PEN0331,t3,i_ILROfferPrice,2.95, 
TP16,WGN0331,t1,i_ILROfferMax,37.701, 
TP16,WGN0331,t1,i_ILROfferPrice,0.44, 
TP16,WGN0331,t2,i_ILROfferMax,62.835, 
TP16,WGN0331,t2,i_ILROfferPrice,1.05, 
TP16,WGN0331,t3,i_ILROfferMax,25.134, 
TP16,WGN0331,t3,i_ILROfferPrice,2.05, 
TP16,WHU0331,t1,i_ILROfferMax,0.001, 
TP16,WHU0331,t1,i_ILROfferPrice,0, 
TP16,WKO0331,t1,i_ILROfferMax,0.001, 
TP16,WKO0331,t1,i_ILROfferPrice,0, 
TP17,BOB1101,t1,i_ILROfferMax,3.955, 
TP17,BOB1101,t1,i_ILROfferPrice,0, 
TP17,CPK0331,t1,i_ILROfferMax,6.972, 
TP17,CPK0331,t1,i_ILROfferPrice,0.01, 
TP17,CPK0331,t2,i_ILROfferMax,4.2, 
TP17,CPK0331,t2,i_ILROfferPrice,5.15, 
TP17,CPK0331,t3,i_ILROfferMax,2.8, 
TP17,CPK0331,t3,i_ILROfferPrice,10.29, 
TP17,HAM0331,t1,i_ILROfferMax,4.999, 
TP17,HAM0331,t1,i_ILROfferPrice,0.01, 
TP17,HIN0331,t1,i_ILROfferMax,0.001, 
TP17,HIN0331,t1,i_ILROfferPrice,0, 
TP17,ISL0331,t1,i_ILROfferMax,0, 
TP17,ISL0331,t1,i_ILROfferPrice,0, 
TP17,KAW0111,t1,i_ILROfferMax,6, 
TP17,KAW0111,t1,i_ILROfferPrice,300, 
TP17,KAW0113,t1,i_ILROfferMax,56, 
TP17,KAW0113,t1,i_ILROfferPrice,0, 
TP17,KIN0331,t1,i_ILROfferMax,0, 
TP17,KIN0331,t1,i_ILROfferPrice,0, 
TP17,KMO0331,t1,i_ILROfferMax,0.001, 
TP17,KMO0331,t1,i_ILROfferPrice,0, 
TP17,KPU0661,t1,i_ILROfferMax,0.001, 
TP17,KPU0661,t1,i_ILROfferPrice,0, 
TP17,MPE1101,t1,i_ILROfferMax,3, 
TP17,MPE1101,t1,i_ILROfferPrice,0, 
TP17,PAO1101,t1,i_ILROfferMax,0.001, 
TP17,PAO1101,t1,i_ILROfferPrice,0, 
TP17,PEN0331,t1,i_ILROfferMax,25.1, 
TP17,PEN0331,t1,i_ILROfferPrice,0.01, 
TP17,PEN0331,t2,i_ILROfferMax,15.1, 
TP17,PEN0331,t2,i_ILROfferPrice,0.45, 
TP17,PEN0331,t3,i_ILROfferMax,12.1, 
TP17,PEN0331,t3,i_ILROfferPrice,2.95, 
TP17,WGN0331,t1,i_ILROfferMax,36.633, 
TP17,WGN0331,t1,i_ILROfferPrice,0.44, 
TP17,WGN0331,t2,i_ILROfferMax,61.056, 
TP17,WGN0331,t2,i_ILROfferPrice,1.05, 
TP17,WGN0331,t3,i_ILROfferMax,24.422, 
TP17,WGN0331,t3,i_ILROfferPrice,2.05, 
TP17,WHU0331,t1,i_ILROfferMax,0.001, 
TP17,WHU0331,t1,i_ILROfferPrice,0, 
TP17,WKO0331,t1,i_ILROfferMax,0.001, 
TP17,WKO0331,t1,i_ILROfferPrice,0, 
TP18,BOB1101,t1,i_ILROfferMax,4.799, 
TP18,BOB1101,t1,i_ILROfferPrice,0, 
TP18,CPK0331,t1,i_ILROfferMax,6.972, 
TP18,CPK0331,t1,i_ILROfferPrice,0.01, 
TP18,CPK0331,t2,i_ILROfferMax,4.2, 
TP18,CPK0331,t2,i_ILROfferPrice,5.15, 
TP18,CPK0331,t3,i_ILROfferMax,2.8, 
TP18,CPK0331,t3,i_ILROfferPrice,10.29, 
TP18,HAM0331,t1,i_ILROfferMax,6.173, 
TP18,HAM0331,t1,i_ILROfferPrice,0.01, 
TP18,HIN0331,t1,i_ILROfferMax,0.001, 
TP18,HIN0331,t1,i_ILROfferPrice,0, 
TP18,ISL0331,t1,i_ILROfferMax,0, 
TP18,ISL0331,t1,i_ILROfferPrice,0, 
TP18,KAW0111,t1,i_ILROfferMax,6, 
TP18,KAW0111,t1,i_ILROfferPrice,300, 
TP18,KAW0113,t1,i_ILROfferMax,28, 
TP18,KAW0113,t1,i_ILROfferPrice,0, 
TP18,KIN0331,t1,i_ILROfferMax,0, 
TP18,KIN0331,t1,i_ILROfferPrice,0, 
TP18,KMO0331,t1,i_ILROfferMax,0.001, 
TP18,KMO0331,t1,i_ILROfferPrice,0, 
TP18,KPU0661,t1,i_ILROfferMax,0.001, 
TP18,KPU0661,t1,i_ILROfferPrice,0, 
TP18,MPE1101,t1,i_ILROfferMax,3, 
TP18,MPE1101,t1,i_ILROfferPrice,0, 
TP18,PAO1101,t1,i_ILROfferMax,0.001, 
TP18,PAO1101,t1,i_ILROfferPrice,0, 
TP18,PEN0331,t1,i_ILROfferMax,27, 
TP18,PEN0331,t1,i_ILROfferPrice,0.01, 
TP18,PEN0331,t2,i_ILROfferMax,15.8, 
TP18,PEN0331,t2,i_ILROfferPrice,0.45, 
TP18,PEN0331,t3,i_ILROfferMax,13.1, 
TP18,PEN0331,t3,i_ILROfferPrice,2.95, 
TP18,WGN0331,t1,i_ILROfferMax,47.85, 
TP18,WGN0331,t1,i_ILROfferPrice,0.44, 
TP18,WGN0331,t2,i_ILROfferMax,79.751, 
TP18,WGN0331,t2,i_ILROfferPrice,1.05, 
TP18,WGN0331,t3,i_ILROfferMax,31.9, 
TP18,WGN0331,t3,i_ILROfferPrice,2.05, 
TP18,WHU0331,t1,i_ILROfferMax,0.001, 
TP18,WHU0331,t1,i_ILROfferPrice,0, 
TP18,WKO0331,t1,i_ILROfferMax,0.001, 
TP18,WKO0331,t1,i_ILROfferPrice,0, 
TP19,BOB1101,t1,i_ILROfferMax,6.065, 
TP19,BOB1101,t1,i_ILROfferPrice,0, 
TP19,CPK0331,t1,i_ILROfferMax,8.65, 
TP19,CPK0331,t1,i_ILROfferPrice,0.01, 
TP19,CPK0331,t2,i_ILROfferMax,5.2, 
TP19,CPK0331,t2,i_ILROfferPrice,5.15, 
TP19,CPK0331,t3,i_ILROfferMax,3.5, 
TP19,CPK0331,t3,i_ILROfferPrice,10.29, 
TP19,HAM0331,t1,i_ILROfferMax,5.946, 
TP19,HAM0331,t1,i_ILROfferPrice,0.01, 
TP19,HIN0331,t1,i_ILROfferMax,0.001, 
TP19,HIN0331,t1,i_ILROfferPrice,0, 
TP19,ISL0331,t1,i_ILROfferMax,0, 
TP19,ISL0331,t1,i_ILROfferPrice,0, 
TP19,KAW0111,t1,i_ILROfferMax,6, 
TP19,KAW0111,t1,i_ILROfferPrice,300, 
TP19,KAW0113,t1,i_ILROfferMax,28, 
TP19,KAW0113,t1,i_ILROfferPrice,0, 
TP19,KIN0331,t1,i_ILROfferMax,0, 
TP19,KIN0331,t1,i_ILROfferPrice,0, 
TP19,KMO0331,t1,i_ILROfferMax,0.001, 
TP19,KMO0331,t1,i_ILROfferPrice,0, 
TP19,KPU0661,t1,i_ILROfferMax,0.001, 
TP19,KPU0661,t1,i_ILROfferPrice,0, 
TP19,MPE1101,t1,i_ILROfferMax,3, 
TP19,MPE1101,t1,i_ILROfferPrice,0, 
TP19,PAO1101,t1,i_ILROfferMax,0.001, 
TP19,PAO1101,t1,i_ILROfferPrice,0, 
TP19,PEN0331,t1,i_ILROfferMax,24.75, 
TP19,PEN0331,t1,i_ILROfferPrice,0.01, 
TP19,PEN0331,t2,i_ILROfferMax,14.4, 
TP19,PEN0331,t2,i_ILROfferPrice,0.45, 
TP19,PEN0331,t3,i_ILROfferMax,12, 
TP19,PEN0331,t3,i_ILROfferPrice,2.95, 
TP19,WGN0331,t1,i_ILROfferMax,48.541, 
TP19,WGN0331,t1,i_ILROfferPrice,0.44, 
TP19,WGN0331,t2,i_ILROfferMax,80.902, 
TP19,WGN0331,t2,i_ILROfferPrice,1.05, 
TP19,WGN0331,t3,i_ILROfferMax,32.361, 
TP19,WGN0331,t3,i_ILROfferPrice,2.05, 
TP19,WHU0331,t1,i_ILROfferMax,0.001, 
TP19,WHU0331,t1,i_ILROfferPrice,0, 
TP19,WKO0331,t1,i_ILROfferMax,0.001, 
TP19,WKO0331,t1,i_ILROfferPrice,0, 
TP20,BOB1101,t1,i_ILROfferMax,5.61, 
TP20,BOB1101,t1,i_ILROfferPrice,0, 
TP20,CPK0331,t1,i_ILROfferMax,7.357, 
TP20,CPK0331,t1,i_ILROfferPrice,0.01, 
TP20,CPK0331,t2,i_ILROfferMax,4.4, 
TP20,CPK0331,t2,i_ILROfferPrice,5.15, 
TP20,CPK0331,t3,i_ILROfferMax,2.9, 
TP20,CPK0331,t3,i_ILROfferPrice,10.29, 
TP20,HAM0331,t1,i_ILROfferMax,6.214, 
TP20,HAM0331,t1,i_ILROfferPrice,0.01, 
TP20,HIN0331,t1,i_ILROfferMax,0.001, 
TP20,HIN0331,t1,i_ILROfferPrice,0, 
TP20,ISL0331,t1,i_ILROfferMax,0, 
TP20,ISL0331,t1,i_ILROfferPrice,0, 
TP20,KAW0111,t1,i_ILROfferMax,6, 
TP20,KAW0111,t1,i_ILROfferPrice,300, 
TP20,KAW0113,t1,i_ILROfferMax,28, 
TP20,KAW0113,t1,i_ILROfferPrice,0, 
TP20,KIN0331,t1,i_ILROfferMax,0, 
TP20,KIN0331,t1,i_ILROfferPrice,0, 
TP20,KMO0331,t1,i_ILROfferMax,0.001, 
TP20,KMO0331,t1,i_ILROfferPrice,0, 
TP20,KPU0661,t1,i_ILROfferMax,0.001, 
TP20,KPU0661,t1,i_ILROfferPrice,0, 
TP20,MPE1101,t1,i_ILROfferMax,5, 
TP20,MPE1101,t1,i_ILROfferPrice,0, 
TP20,PAO1101,t1,i_ILROfferMax,0.001, 
TP20,PAO1101,t1,i_ILROfferPrice,0, 
TP20,PEN0331,t1,i_ILROfferMax,22.75, 
TP20,PEN0331,t1,i_ILROfferPrice,0.01, 
TP20,PEN0331,t2,i_ILROfferMax,13, 
TP20,PEN0331,t2,i_ILROfferPrice,0.45, 
TP20,PEN0331,t3,i_ILROfferMax,11.1, 
TP20,PEN0331,t3,i_ILROfferPrice,2.95, 
TP20,WGN0331,t1,i_ILROfferMax,50.937, 
TP20,WGN0331,t1,i_ILROfferPrice,0.44, 
TP20,WGN0331,t2,i_ILROfferMax,84.896, 
TP20,WGN0331,t2,i_ILROfferPrice,1.05, 
TP20,WGN0331,t3,i_ILROfferMax,33.958, 
TP20,WGN0331,t3,i_ILROfferPrice,2.05, 
TP20,WHU0331,t1,i_ILROfferMax,0.001, 
TP20,WHU0331,t1,i_ILROfferPrice,0, 
TP20,WKO0331,t1,i_ILROfferMax,0.001, 
TP20,WKO0331,t1,i_ILROfferPrice,0, 
TP21,BOB1101,t1,i_ILROfferMax,5.967, 
TP21,BOB1101,t1,i_ILROfferPrice,0, 
TP21,CPK0331,t1,i_ILROfferMax,7.242, 
TP21,CPK0331,t1,i_ILROfferPrice,0.01, 
TP21,CPK0331,t2,i_ILROfferMax,4.3, 
TP21,CPK0331,t2,i_ILROfferPrice,5.15, 
TP21,CPK0331,t3,i_ILROfferMax,2.9, 
TP21,CPK0331,t3,i_ILROfferPrice,10.29, 
TP21,HAM0331,t1,i_ILROfferMax,6.099, 
TP21,HAM0331,t1,i_ILROfferPrice,0.01, 
TP21,HIN0331,t1,i_ILROfferMax,0.001, 
TP21,HIN0331,t1,i_ILROfferPrice,0, 
TP21,ISL0331,t1,i_ILROfferMax,0, 
TP21,ISL0331,t1,i_ILROfferPrice,0, 
TP21,KAW0111,t1,i_ILROfferMax,6, 
TP21,KAW0111,t1,i_ILROfferPrice,300, 
TP21,KAW0113,t1,i_ILROfferMax,28, 
TP21,KAW0113,t1,i_ILROfferPrice,0, 
TP21,KIN0331,t1,i_ILROfferMax,0, 
TP21,KIN0331,t1,i_ILROfferPrice,0, 
TP21,KMO0331,t1,i_ILROfferMax,0.001, 
TP21,KMO0331,t1,i_ILROfferPrice,0, 
TP21,KPU0661,t1,i_ILROfferMax,0.001, 
TP21,KPU0661,t1,i_ILROfferPrice,0, 
TP21,MPE1101,t1,i_ILROfferMax,5, 
TP21,MPE1101,t1,i_ILROfferPrice,0, 
TP21,PAO1101,t1,i_ILROfferMax,0.001, 
TP21,PAO1101,t1,i_ILROfferPrice,0, 
TP21,PEN0331,t1,i_ILROfferMax,20.145, 
TP21,PEN0331,t1,i_ILROfferPrice,0.01, 
TP21,PEN0331,t2,i_ILROfferMax,11.6, 
TP21,PEN0331,t2,i_ILROfferPrice,0.45, 
TP21,PEN0331,t3,i_ILROfferMax,9.8, 
TP21,PEN0331,t3,i_ILROfferPrice,2.95, 
TP21,WGN0331,t1,i_ILROfferMax,54.785, 
TP21,WGN0331,t1,i_ILROfferPrice,0.44, 
TP21,WGN0331,t2,i_ILROfferMax,91.308, 
TP21,WGN0331,t2,i_ILROfferPrice,1.05, 
TP21,WGN0331,t3,i_ILROfferMax,36.523, 
TP21,WGN0331,t3,i_ILROfferPrice,2.05, 
TP21,WHU0331,t1,i_ILROfferMax,0.001, 
TP21,WHU0331,t1,i_ILROfferPrice,0, 
TP21,WKO0331,t1,i_ILROfferMax,0.001, 
TP21,WKO0331,t1,i_ILROfferPrice,0, 
TP22,BOB1101,t1,i_ILROfferMax,5.901, 
TP22,BOB1101,t1,i_ILROfferPrice,0, 
TP22,CPK0331,t1,i_ILROfferMax,5.78, 
TP22,CPK0331,t1,i_ILROfferPrice,0.01, 
TP22,CPK0331,t2,i_ILROfferMax,3.5, 
TP22,CPK0331,t2,i_ILROfferPrice,5.15, 
TP22,CPK0331,t3,i_ILROfferMax,2.3, 
TP22,CPK0331,t3,i_ILROfferPrice,10.29, 
TP22,HAM0331,t1,i_ILROfferMax,5.799, 
TP22,HAM0331,t1,i_ILROfferPrice,0.01, 
TP22,HIN0331,t1,i_ILROfferMax,0.001, 
TP22,HIN0331,t1,i_ILROfferPrice,0, 
TP22,ISL0331,t1,i_ILROfferMax,0, 
TP22,ISL0331,t1,i_ILROfferPrice,0, 
TP22,KAW0111,t1,i_ILROfferMax,6, 
TP22,KAW0111,t1,i_ILROfferPrice,300, 
TP22,KAW0113,t1,i_ILROfferMax,28, 
TP22,KAW0113,t1,i_ILROfferPrice,0, 
TP22,KIN0331,t1,i_ILROfferMax,0, 
TP22,KIN0331,t1,i_ILROfferPrice,0, 
TP22,KMO0331,t1,i_ILROfferMax,0.001, 
TP22,KMO0331,t1,i_ILROfferPrice,0, 
TP22,KPU0661,t1,i_ILROfferMax,0.001, 
TP22,KPU0661,t1,i_ILROfferPrice,0, 
TP22,MPE1101,t1,i_ILROfferMax,5, 
TP22,MPE1101,t1,i_ILROfferPrice,0, 
TP22,PAO1101,t1,i_ILROfferMax,0.001, 
TP22,PAO1101,t1,i_ILROfferPrice,0, 
TP22,PEN0331,t1,i_ILROfferMax,17.39, 
TP22,PEN0331,t1,i_ILROfferPrice,0.01, 
TP22,PEN0331,t2,i_ILROfferMax,10.1, 
TP22,PEN0331,t2,i_ILROfferPrice,0.45, 
TP22,PEN0331,t3,i_ILROfferMax,8.4, 
TP22,PEN0331,t3,i_ILROfferPrice,2.95, 
TP22,WGN0331,t1,i_ILROfferMax,49.525, 
TP22,WGN0331,t1,i_ILROfferPrice,0.44, 
TP22,WGN0331,t2,i_ILROfferMax,82.542, 
TP22,WGN0331,t2,i_ILROfferPrice,1.05, 
TP22,WGN0331,t3,i_ILROfferMax,33.017, 
TP22,WGN0331,t3,i_ILROfferPrice,2.05, 
TP22,WHU0331,t1,i_ILROfferMax,0.001, 
TP22,WHU0331,t1,i_ILROfferPrice,0, 
TP22,WKO0331,t1,i_ILROfferMax,0.001, 
TP22,WKO0331,t1,i_ILROfferPrice,0, 
TP23,BOB1101,t1,i_ILROfferMax,5.836, 
TP23,BOB1101,t1,i_ILROfferPrice,0, 
TP23,CPK0331,t1,i_ILROfferMax,5.398, 
TP23,CPK0331,t1,i_ILROfferPrice,0.01, 
TP23,CPK0331,t2,i_ILROfferMax,3.2, 
TP23,CPK0331,t2,i_ILROfferPrice,5.15, 
TP23,CPK0331,t3,i_ILROfferMax,2.2, 
TP23,CPK0331,t3,i_ILROfferPrice,10.29, 
TP23,HAM0331,t1,i_ILROfferMax,5.45, 
TP23,HAM0331,t1,i_ILROfferPrice,0.01, 
TP23,HIN0331,t1,i_ILROfferMax,0.001, 
TP23,HIN0331,t1,i_ILROfferPrice,0, 
TP23,ISL0331,t1,i_ILROfferMax,0, 
TP23,ISL0331,t1,i_ILROfferPrice,0, 
TP23,KAW0111,t1,i_ILROfferMax,6, 
TP23,KAW0111,t1,i_ILROfferPrice,300, 
TP23,KAW0113,t1,i_ILROfferMax,28, 
TP23,KAW0113,t1,i_ILROfferPrice,0, 
TP23,KIN0331,t1,i_ILROfferMax,0, 
TP23,KIN0331,t1,i_ILROfferPrice,0, 
TP23,KMO0331,t1,i_ILROfferMax,0.001, 
TP23,KMO0331,t1,i_ILROfferPrice,0, 
TP23,KPU0661,t1,i_ILROfferMax,0.001, 
TP23,KPU0661,t1,i_ILROfferPrice,0, 
TP23,MPE1101,t1,i_ILROfferMax,5, 
TP23,MPE1101,t1,i_ILROfferPrice,0, 
TP23,PAO1101,t1,i_ILROfferMax,0.001, 
TP23,PAO1101,t1,i_ILROfferPrice,0, 
TP23,PEN0331,t1,i_ILROfferMax,15.91, 
TP23,PEN0331,t1,i_ILROfferPrice,0.01, 
TP23,PEN0331,t2,i_ILROfferMax,9.2, 
TP23,PEN0331,t2,i_ILROfferPrice,0.45, 
TP23,PEN0331,t3,i_ILROfferMax,7.7, 
TP23,PEN0331,t3,i_ILROfferPrice,2.95, 
TP23,WGN0331,t1,i_ILROfferMax,47.878, 
TP23,WGN0331,t1,i_ILROfferPrice,0.44, 
TP23,WGN0331,t2,i_ILROfferMax,79.797, 
TP23,WGN0331,t2,i_ILROfferPrice,1.05, 
TP23,WGN0331,t3,i_ILROfferMax,31.919, 
TP23,WGN0331,t3,i_ILROfferPrice,2.05, 
TP23,WHU0331,t1,i_ILROfferMax,0.001, 
TP23,WHU0331,t1,i_ILROfferPrice,0, 
TP23,WKO0331,t1,i_ILROfferMax,0.001, 
TP23,WKO0331,t1,i_ILROfferPrice,0, 
TP24,BOB1101,t1,i_ILROfferMax,5.77, 
TP24,BOB1101,t1,i_ILROfferPrice,0, 
TP24,CPK0331,t1,i_ILROfferMax,4.074, 
TP24,CPK0331,t1,i_ILROfferPrice,0.01, 
TP24,CPK0331,t2,i_ILROfferMax,2.4, 
TP24,CPK0331,t2,i_ILROfferPrice,5.15, 
TP24,CPK0331,t3,i_ILROfferMax,1.6, 
TP24,CPK0331,t3,i_ILROfferPrice,10.29, 
TP24,HAM0331,t1,i_ILROfferMax,5.388, 
TP24,HAM0331,t1,i_ILROfferPrice,0.01, 
TP24,HIN0331,t1,i_ILROfferMax,0.001, 
TP24,HIN0331,t1,i_ILROfferPrice,0, 
TP24,ISL0331,t1,i_ILROfferMax,0, 
TP24,ISL0331,t1,i_ILROfferPrice,0, 
TP24,KAW0111,t1,i_ILROfferMax,6, 
TP24,KAW0111,t1,i_ILROfferPrice,300, 
TP24,KAW0113,t1,i_ILROfferMax,28, 
TP24,KAW0113,t1,i_ILROfferPrice,0, 
TP24,KIN0331,t1,i_ILROfferMax,0, 
TP24,KIN0331,t1,i_ILROfferPrice,0, 
TP24,KMO0331,t1,i_ILROfferMax,0.001, 
TP24,KMO0331,t1,i_ILROfferPrice,0, 
TP24,KPU0661,t1,i_ILROfferMax,0.001, 
TP24,KPU0661,t1,i_ILROfferPrice,0, 
TP24,MPE1101,t1,i_ILROfferMax,5, 
TP24,MPE1101,t1,i_ILROfferPrice,0, 
TP24,PAO1101,t1,i_ILROfferMax,0.001, 
TP24,PAO1101,t1,i_ILROfferPrice,0, 
TP24,PEN0331,t1,i_ILROfferMax,15.08, 
TP24,PEN0331,t1,i_ILROfferPrice,0.01, 
TP24,PEN0331,t2,i_ILROfferMax,8.7, 
TP24,PEN0331,t2,i_ILROfferPrice,0.45, 
TP24,PEN0331,t3,i_ILROfferMax,7.3, 
TP24,PEN0331,t3,i_ILROfferPrice,2.95, 
TP24,WGN0331,t1,i_ILROfferMax,49.857, 
TP24,WGN0331,t1,i_ILROfferPrice,0.44, 
TP24,WGN0331,t2,i_ILROfferMax,83.095, 
TP24,WGN0331,t2,i_ILROfferPrice,1.05, 
TP24,WGN0331,t3,i_ILROfferMax,33.238, 
TP24,WGN0331,t3,i_ILROfferPrice,2.05, 
TP24,WHU0331,t1,i_ILROfferMax,0.001, 
TP24,WHU0331,t1,i_ILROfferPrice,0, 
TP24,WKO0331,t1,i_ILROfferMax,0.001, 
TP24,WKO0331,t1,i_ILROfferPrice,0, 
TP25,BOB1101,t1,i_ILROfferMax,5.738, 
TP25,BOB1101,t1,i_ILROfferPrice,0, 
TP25,CPK0331,t1,i_ILROfferMax,4.359, 
TP25,CPK0331,t1,i_ILROfferPrice,0.01, 
TP25,CPK0331,t2,i_ILROfferMax,2.6, 
TP25,CPK0331,t2,i_ILROfferPrice,5.15, 
TP25,CPK0331,t3,i_ILROfferMax,1.7, 
TP25,CPK0331,t3,i_ILROfferPrice,10.29, 
TP25,HAM0331,t1,i_ILROfferMax,5.081, 
TP25,HAM0331,t1,i_ILROfferPrice,0.01, 
TP25,HIN0331,t1,i_ILROfferMax,0.001, 
TP25,HIN0331,t1,i_ILROfferPrice,0, 
TP25,ISL0331,t1,i_ILROfferMax,0, 
TP25,ISL0331,t1,i_ILROfferPrice,0, 
TP25,KAW0111,t1,i_ILROfferMax,6, 
TP25,KAW0111,t1,i_ILROfferPrice,300, 
TP25,KAW0113,t1,i_ILROfferMax,28, 
TP25,KAW0113,t1,i_ILROfferPrice,0, 
TP25,KIN0331,t1,i_ILROfferMax,0, 
TP25,KIN0331,t1,i_ILROfferPrice,0, 
TP25,KMO0331,t1,i_ILROfferMax,0.001, 
TP25,KMO0331,t1,i_ILROfferPrice,0, 
TP25,KPU0661,t1,i_ILROfferMax,0.001, 
TP25,KPU0661,t1,i_ILROfferPrice,0, 
TP25,MPE1101,t1,i_ILROfferMax,5, 
TP25,MPE1101,t1,i_ILROfferPrice,0, 
TP25,PAO1101,t1,i_ILROfferMax,0.001, 
TP25,PAO1101,t1,i_ILROfferPrice,0, 
TP25,PEN0331,t1,i_ILROfferMax,14.325, 
TP25,PEN0331,t1,i_ILROfferPrice,0.01, 
TP25,PEN0331,t2,i_ILROfferMax,8.2, 
TP25,PEN0331,t2,i_ILROfferPrice,0.45, 
TP25,PEN0331,t3,i_ILROfferMax,7, 
TP25,PEN0331,t3,i_ILROfferPrice,2.95, 
TP25,WGN0331,t1,i_ILROfferMax,49.55, 
TP25,WGN0331,t1,i_ILROfferPrice,0.44, 
TP25,WGN0331,t2,i_ILROfferMax,82.584, 
TP25,WGN0331,t2,i_ILROfferPrice,1.05, 
TP25,WGN0331,t3,i_ILROfferMax,33.034, 
TP25,WGN0331,t3,i_ILROfferPrice,2.05, 
TP25,WHU0331,t1,i_ILROfferMax,0.001, 
TP25,WHU0331,t1,i_ILROfferPrice,0, 
TP25,WKO0331,t1,i_ILROfferMax,0.001, 
TP25,WKO0331,t1,i_ILROfferPrice,0, 
TP26,BOB1101,t1,i_ILROfferMax,5.54, 
TP26,BOB1101,t1,i_ILROfferPrice,0, 
TP26,CPK0331,t1,i_ILROfferMax,4.107, 
TP26,CPK0331,t1,i_ILROfferPrice,0.01, 
TP26,CPK0331,t2,i_ILROfferMax,2.5, 
TP26,CPK0331,t2,i_ILROfferPrice,5.15, 
TP26,CPK0331,t3,i_ILROfferMax,1.6, 
TP26,CPK0331,t3,i_ILROfferPrice,10.29, 
TP26,HAM0331,t1,i_ILROfferMax,5.078, 
TP26,HAM0331,t1,i_ILROfferPrice,0.01, 
TP26,HIN0331,t1,i_ILROfferMax,0.001, 
TP26,HIN0331,t1,i_ILROfferPrice,0, 
TP26,ISL0331,t1,i_ILROfferMax,0, 
TP26,ISL0331,t1,i_ILROfferPrice,0, 
TP26,KAW0111,t1,i_ILROfferMax,6, 
TP26,KAW0111,t1,i_ILROfferPrice,300, 
TP26,KAW0113,t1,i_ILROfferMax,28, 
TP26,KAW0113,t1,i_ILROfferPrice,0, 
TP26,KIN0331,t1,i_ILROfferMax,0, 
TP26,KIN0331,t1,i_ILROfferPrice,0, 
TP26,KMO0331,t1,i_ILROfferMax,0.001, 
TP26,KMO0331,t1,i_ILROfferPrice,0, 
TP26,KPU0661,t1,i_ILROfferMax,0.001, 
TP26,KPU0661,t1,i_ILROfferPrice,0, 
TP26,MPE1101,t1,i_ILROfferMax,4, 
TP26,MPE1101,t1,i_ILROfferPrice,0, 
TP26,PAO1101,t1,i_ILROfferMax,0.001, 
TP26,PAO1101,t1,i_ILROfferPrice,0, 
TP26,PEN0331,t1,i_ILROfferMax,13.46, 
TP26,PEN0331,t1,i_ILROfferPrice,0.01, 
TP26,PEN0331,t2,i_ILROfferMax,7.7, 
TP26,PEN0331,t2,i_ILROfferPrice,0.45, 
TP26,PEN0331,t3,i_ILROfferMax,6.5, 
TP26,PEN0331,t3,i_ILROfferPrice,2.95, 
TP26,WGN0331,t1,i_ILROfferMax,49.196, 
TP26,WGN0331,t1,i_ILROfferPrice,0.44, 
TP26,WGN0331,t2,i_ILROfferMax,81.994, 
TP26,WGN0331,t2,i_ILROfferPrice,1.05, 
TP26,WGN0331,t3,i_ILROfferMax,32.798, 
TP26,WGN0331,t3,i_ILROfferPrice,2.05, 
TP26,WHU0331,t1,i_ILROfferMax,0.001, 
TP26,WHU0331,t1,i_ILROfferPrice,0, 
TP26,WKO0331,t1,i_ILROfferMax,0.001, 
TP26,WKO0331,t1,i_ILROfferPrice,0, 
TP27,BOB1101,t1,i_ILROfferMax,5.144, 
TP27,BOB1101,t1,i_ILROfferPrice,0, 
TP27,CPK0331,t1,i_ILROfferMax,3.856, 
TP27,CPK0331,t1,i_ILROfferPrice,0.01, 
TP27,CPK0331,t2,i_ILROfferMax,2.3, 
TP27,CPK0331,t2,i_ILROfferPrice,5.15, 
TP27,CPK0331,t3,i_ILROfferMax,1.5, 
TP27,CPK0331,t3,i_ILROfferPrice,10.29, 
TP27,HAM0331,t1,i_ILROfferMax,4.415, 
TP27,HAM0331,t1,i_ILROfferPrice,0.01, 
TP27,HIN0331,t1,i_ILROfferMax,0.001, 
TP27,HIN0331,t1,i_ILROfferPrice,0, 
TP27,ISL0331,t1,i_ILROfferMax,0, 
TP27,ISL0331,t1,i_ILROfferPrice,0, 
TP27,KAW0111,t1,i_ILROfferMax,6, 
TP27,KAW0111,t1,i_ILROfferPrice,300, 
TP27,KAW0113,t1,i_ILROfferMax,28, 
TP27,KAW0113,t1,i_ILROfferPrice,0, 
TP27,KIN0331,t1,i_ILROfferMax,0, 
TP27,KIN0331,t1,i_ILROfferPrice,0, 
TP27,KMO0331,t1,i_ILROfferMax,0.001, 
TP27,KMO0331,t1,i_ILROfferPrice,0, 
TP27,KPU0661,t1,i_ILROfferMax,0.001, 
TP27,KPU0661,t1,i_ILROfferPrice,0, 
TP27,MPE1101,t1,i_ILROfferMax,4, 
TP27,MPE1101,t1,i_ILROfferPrice,0, 
TP27,PAO1101,t1,i_ILROfferMax,0.001, 
TP27,PAO1101,t1,i_ILROfferPrice,0, 
TP27,PEN0331,t1,i_ILROfferMax,11.725, 
TP27,PEN0331,t1,i_ILROfferPrice,0.01, 
TP27,PEN0331,t2,i_ILROfferMax,8.3, 
TP27,PEN0331,t2,i_ILROfferPrice,0.45, 
TP27,PEN0331,t3,i_ILROfferMax,5.4, 
TP27,PEN0331,t3,i_ILROfferPrice,2.95, 
TP27,WGN0331,t1,i_ILROfferMax,53.582, 
TP27,WGN0331,t1,i_ILROfferPrice,0.44, 
TP27,WGN0331,t2,i_ILROfferMax,89.304, 
TP27,WGN0331,t2,i_ILROfferPrice,1.05, 
TP27,WGN0331,t3,i_ILROfferMax,35.722, 
TP27,WGN0331,t3,i_ILROfferPrice,2.05, 
TP27,WHU0331,t1,i_ILROfferMax,0.001, 
TP27,WHU0331,t1,i_ILROfferPrice,0, 
TP27,WKO0331,t1,i_ILROfferMax,0.001, 
TP27,WKO0331,t1,i_ILROfferPrice,0, 
TP28,BOB1101,t1,i_ILROfferMax,4.748, 
TP28,BOB1101,t1,i_ILROfferPrice,0, 
TP28,CPK0331,t1,i_ILROfferMax,3.657, 
TP28,CPK0331,t1,i_ILROfferPrice,0.01, 
TP28,CPK0331,t2,i_ILROfferMax,2.2, 
TP28,CPK0331,t2,i_ILROfferPrice,5.15, 
TP28,CPK0331,t3,i_ILROfferMax,1.5, 
TP28,CPK0331,t3,i_ILROfferPrice,10.29, 
TP28,HAM0331,t1,i_ILROfferMax,4.168, 
TP28,HAM0331,t1,i_ILROfferPrice,0.01, 
TP28,HIN0331,t1,i_ILROfferMax,0.001, 
TP28,HIN0331,t1,i_ILROfferPrice,0, 
TP28,ISL0331,t1,i_ILROfferMax,0, 
TP28,ISL0331,t1,i_ILROfferPrice,0, 
TP28,KAW0111,t1,i_ILROfferMax,6, 
TP28,KAW0111,t1,i_ILROfferPrice,300, 
TP28,KAW0113,t1,i_ILROfferMax,28, 
TP28,KAW0113,t1,i_ILROfferPrice,0, 
TP28,KIN0331,t1,i_ILROfferMax,0, 
TP28,KIN0331,t1,i_ILROfferPrice,0, 
TP28,KMO0331,t1,i_ILROfferMax,0.001, 
TP28,KMO0331,t1,i_ILROfferPrice,0, 
TP28,KPU0661,t1,i_ILROfferMax,0.001, 
TP28,KPU0661,t1,i_ILROfferPrice,0, 
TP28,MPE1101,t1,i_ILROfferMax,4, 
TP28,MPE1101,t1,i_ILROfferPrice,0, 
TP28,PAO1101,t1,i_ILROfferMax,0.001, 
TP28,PAO1101,t1,i_ILROfferPrice,0, 
TP28,PEN0331,t1,i_ILROfferMax,10.715, 
TP28,PEN0331,t1,i_ILROfferPrice,0.01, 
TP28,PEN0331,t2,i_ILROfferMax,7.6, 
TP28,PEN0331,t2,i_ILROfferPrice,0.45, 
TP28,PEN0331,t3,i_ILROfferMax,4.9, 
TP28,PEN0331,t3,i_ILROfferPrice,2.95, 
TP28,WGN0331,t1,i_ILROfferMax,49.69, 
TP28,WGN0331,t1,i_ILROfferPrice,0.44, 
TP28,WGN0331,t2,i_ILROfferMax,82.817, 
TP28,WGN0331,t2,i_ILROfferPrice,1.05, 
TP28,WGN0331,t3,i_ILROfferMax,33.127, 
TP28,WGN0331,t3,i_ILROfferPrice,2.05, 
TP28,WHU0331,t1,i_ILROfferMax,0.001, 
TP28,WHU0331,t1,i_ILROfferPrice,0, 
TP28,WKO0331,t1,i_ILROfferMax,0.001, 
TP28,WKO0331,t1,i_ILROfferPrice,0, 
TP29,BOB1101,t1,i_ILROfferMax,4.352, 
TP29,BOB1101,t1,i_ILROfferPrice,0, 
TP29,CPK0331,t1,i_ILROfferMax,3.458, 
TP29,CPK0331,t1,i_ILROfferPrice,0.01, 
TP29,CPK0331,t2,i_ILROfferMax,2.1, 
TP29,CPK0331,t2,i_ILROfferPrice,5.15, 
TP29,CPK0331,t3,i_ILROfferMax,1.4, 
TP29,CPK0331,t3,i_ILROfferPrice,10.29, 
TP29,HAM0331,t1,i_ILROfferMax,4.125, 
TP29,HAM0331,t1,i_ILROfferPrice,0.01, 
TP29,HIN0331,t1,i_ILROfferMax,0.001, 
TP29,HIN0331,t1,i_ILROfferPrice,0, 
TP29,ISL0331,t1,i_ILROfferMax,0, 
TP29,ISL0331,t1,i_ILROfferPrice,0, 
TP29,KAW0111,t1,i_ILROfferMax,6, 
TP29,KAW0111,t1,i_ILROfferPrice,300, 
TP29,KAW0113,t1,i_ILROfferMax,28, 
TP29,KAW0113,t1,i_ILROfferPrice,0, 
TP29,KIN0331,t1,i_ILROfferMax,0, 
TP29,KIN0331,t1,i_ILROfferPrice,0, 
TP29,KMO0331,t1,i_ILROfferMax,0.001, 
TP29,KMO0331,t1,i_ILROfferPrice,0, 
TP29,KPU0661,t1,i_ILROfferMax,0.001, 
TP29,KPU0661,t1,i_ILROfferPrice,0, 
TP29,MPE1101,t1,i_ILROfferMax,4, 
TP29,MPE1101,t1,i_ILROfferPrice,0, 
TP29,PAO1101,t1,i_ILROfferMax,0.001, 
TP29,PAO1101,t1,i_ILROfferPrice,0, 
TP29,PEN0331,t1,i_ILROfferMax,10.625, 
TP29,PEN0331,t1,i_ILROfferPrice,0.01, 
TP29,PEN0331,t2,i_ILROfferMax,7.4, 
TP29,PEN0331,t2,i_ILROfferPrice,0.45, 
TP29,PEN0331,t3,i_ILROfferMax,4.9, 
TP29,PEN0331,t3,i_ILROfferPrice,2.95, 
TP29,WGN0331,t1,i_ILROfferMax,45.991, 
TP29,WGN0331,t1,i_ILROfferPrice,0.44, 
TP29,WGN0331,t2,i_ILROfferMax,76.652, 
TP29,WGN0331,t2,i_ILROfferPrice,1.05, 
TP29,WGN0331,t3,i_ILROfferMax,30.661, 
TP29,WGN0331,t3,i_ILROfferPrice,2.05, 
TP29,WHU0331,t1,i_ILROfferMax,0.001, 
TP29,WHU0331,t1,i_ILROfferPrice,0, 
TP29,WKO0331,t1,i_ILROfferMax,0.001, 
TP29,WKO0331,t1,i_ILROfferPrice,0, 
TP30,BOB1101,t1,i_ILROfferMax,3.956, 
TP30,BOB1101,t1,i_ILROfferPrice,0, 
TP30,CPK0331,t1,i_ILROfferMax,3.127, 
TP30,CPK0331,t1,i_ILROfferPrice,0.01, 
TP30,CPK0331,t2,i_ILROfferMax,1.9, 
TP30,CPK0331,t2,i_ILROfferPrice,5.15, 
TP30,CPK0331,t3,i_ILROfferMax,1.3, 
TP30,CPK0331,t3,i_ILROfferPrice,10.29, 
TP30,HAM0331,t1,i_ILROfferMax,4.101, 
TP30,HAM0331,t1,i_ILROfferPrice,0.01, 
TP30,HIN0331,t1,i_ILROfferMax,0.001, 
TP30,HIN0331,t1,i_ILROfferPrice,0, 
TP30,ISL0331,t1,i_ILROfferMax,0, 
TP30,ISL0331,t1,i_ILROfferPrice,0, 
TP30,KAW0111,t1,i_ILROfferMax,6, 
TP30,KAW0111,t1,i_ILROfferPrice,300, 
TP30,KAW0113,t1,i_ILROfferMax,28, 
TP30,KAW0113,t1,i_ILROfferPrice,0, 
TP30,KIN0331,t1,i_ILROfferMax,0, 
TP30,KIN0331,t1,i_ILROfferPrice,0, 
TP30,KMO0331,t1,i_ILROfferMax,0.001, 
TP30,KMO0331,t1,i_ILROfferPrice,0, 
TP30,KPU0661,t1,i_ILROfferMax,0.001, 
TP30,KPU0661,t1,i_ILROfferPrice,0, 
TP30,MPE1101,t1,i_ILROfferMax,4, 
TP30,MPE1101,t1,i_ILROfferPrice,0, 
TP30,PAO1101,t1,i_ILROfferMax,0.001, 
TP30,PAO1101,t1,i_ILROfferPrice,0, 
TP30,PEN0331,t1,i_ILROfferMax,10.445, 
TP30,PEN0331,t1,i_ILROfferPrice,0.01, 
TP30,PEN0331,t2,i_ILROfferMax,7.4, 
TP30,PEN0331,t2,i_ILROfferPrice,0.45, 
TP30,PEN0331,t3,i_ILROfferMax,4.8, 
TP30,PEN0331,t3,i_ILROfferPrice,2.95, 
TP30,WGN0331,t1,i_ILROfferMax,47.803, 
TP30,WGN0331,t1,i_ILROfferPrice,0.44, 
TP30,WGN0331,t2,i_ILROfferMax,79.671, 
TP30,WGN0331,t2,i_ILROfferPrice,1.05, 
TP30,WGN0331,t3,i_ILROfferMax,31.868, 
TP30,WGN0331,t3,i_ILROfferPrice,2.05, 
TP30,WHU0331,t1,i_ILROfferMax,0.001, 
TP30,WHU0331,t1,i_ILROfferPrice,0, 
TP30,WKO0331,t1,i_ILROfferMax,0.001, 
TP30,WKO0331,t1,i_ILROfferPrice,0, 
TP31,BOB1101,t1,i_ILROfferMax,3.758, 
TP31,BOB1101,t1,i_ILROfferPrice,0, 
TP31,CPK0331,t1,i_ILROfferMax,2.797, 
TP31,CPK0331,t1,i_ILROfferPrice,0.01, 
TP31,CPK0331,t2,i_ILROfferMax,1.7, 
TP31,CPK0331,t2,i_ILROfferPrice,5.15, 
TP31,CPK0331,t3,i_ILROfferMax,1.1, 
TP31,CPK0331,t3,i_ILROfferPrice,10.29, 
TP31,HAM0331,t1,i_ILROfferMax,3.975, 
TP31,HAM0331,t1,i_ILROfferPrice,0.01, 
TP31,HIN0331,t1,i_ILROfferMax,0.001, 
TP31,HIN0331,t1,i_ILROfferPrice,0, 
TP31,ISL0331,t1,i_ILROfferMax,0, 
TP31,ISL0331,t1,i_ILROfferPrice,0, 
TP31,KAW0111,t1,i_ILROfferMax,6, 
TP31,KAW0111,t1,i_ILROfferPrice,300, 
TP31,KAW0113,t1,i_ILROfferMax,28, 
TP31,KAW0113,t1,i_ILROfferPrice,0, 
TP31,KIN0331,t1,i_ILROfferMax,0, 
TP31,KIN0331,t1,i_ILROfferPrice,0, 
TP31,KMO0331,t1,i_ILROfferMax,0.001, 
TP31,KMO0331,t1,i_ILROfferPrice,0, 
TP31,KPU0661,t1,i_ILROfferMax,0.001, 
TP31,KPU0661,t1,i_ILROfferPrice,0, 
TP31,MPE1101,t1,i_ILROfferMax,4, 
TP31,MPE1101,t1,i_ILROfferPrice,0, 
TP31,PAO1101,t1,i_ILROfferMax,0.001, 
TP31,PAO1101,t1,i_ILROfferPrice,0, 
TP31,PEN0331,t1,i_ILROfferMax,11.16, 
TP31,PEN0331,t1,i_ILROfferPrice,0.01, 
TP31,PEN0331,t2,i_ILROfferMax,7.7, 
TP31,PEN0331,t2,i_ILROfferPrice,0.45, 
TP31,PEN0331,t3,i_ILROfferMax,5.2, 
TP31,PEN0331,t3,i_ILROfferPrice,2.95, 
TP31,WGN0331,t1,i_ILROfferMax,47.483, 
TP31,WGN0331,t1,i_ILROfferPrice,0.44, 
TP31,WGN0331,t2,i_ILROfferMax,79.138, 
TP31,WGN0331,t2,i_ILROfferPrice,1.05, 
TP31,WGN0331,t3,i_ILROfferMax,31.655, 
TP31,WGN0331,t3,i_ILROfferPrice,2.05, 
TP31,WHU0331,t1,i_ILROfferMax,0.001, 
TP31,WHU0331,t1,i_ILROfferPrice,0, 
TP31,WKO0331,t1,i_ILROfferMax,0.001, 
TP31,WKO0331,t1,i_ILROfferPrice,0, 
TP32,BOB1101,t1,i_ILROfferMax,3.906, 
TP32,BOB1101,t1,i_ILROfferPrice,0, 
TP32,CPK0331,t1,i_ILROfferMax,3.069, 
TP32,CPK0331,t1,i_ILROfferPrice,0.01, 
TP32,CPK0331,t2,i_ILROfferMax,1.8, 
TP32,CPK0331,t2,i_ILROfferPrice,5.15, 
TP32,CPK0331,t3,i_ILROfferMax,1.2, 
TP32,CPK0331,t3,i_ILROfferPrice,10.29, 
TP32,HAM0331,t1,i_ILROfferMax,3.817, 
TP32,HAM0331,t1,i_ILROfferPrice,0.01, 
TP32,HIN0331,t1,i_ILROfferMax,0.001, 
TP32,HIN0331,t1,i_ILROfferPrice,0, 
TP32,ISL0331,t1,i_ILROfferMax,0, 
TP32,ISL0331,t1,i_ILROfferPrice,0, 
TP32,KAW0111,t1,i_ILROfferMax,6, 
TP32,KAW0111,t1,i_ILROfferPrice,300, 
TP32,KAW0113,t1,i_ILROfferMax,28, 
TP32,KAW0113,t1,i_ILROfferPrice,0, 
TP32,KIN0331,t1,i_ILROfferMax,0, 
TP32,KIN0331,t1,i_ILROfferPrice,0, 
TP32,KMO0331,t1,i_ILROfferMax,0.001, 
TP32,KMO0331,t1,i_ILROfferPrice,0, 
TP32,KPU0661,t1,i_ILROfferMax,0.001, 
TP32,KPU0661,t1,i_ILROfferPrice,0, 
TP32,MPE1101,t1,i_ILROfferMax,4, 
TP32,MPE1101,t1,i_ILROfferPrice,0, 
TP32,PAO1101,t1,i_ILROfferMax,0.001, 
TP32,PAO1101,t1,i_ILROfferPrice,0, 
TP32,PEN0331,t1,i_ILROfferMax,11.8, 
TP32,PEN0331,t1,i_ILROfferPrice,0.01, 
TP32,PEN0331,t2,i_ILROfferMax,8.2, 
TP32,PEN0331,t2,i_ILROfferPrice,0.45, 
TP32,PEN0331,t3,i_ILROfferMax,5.5, 
TP32,PEN0331,t3,i_ILROfferPrice,2.95, 
TP32,WGN0331,t1,i_ILROfferMax,51.92, 
TP32,WGN0331,t1,i_ILROfferPrice,0.44, 
TP32,WGN0331,t2,i_ILROfferMax,86.534, 
TP32,WGN0331,t2,i_ILROfferPrice,1.05, 
TP32,WGN0331,t3,i_ILROfferMax,34.613, 
TP32,WGN0331,t3,i_ILROfferPrice,2.05, 
TP32,WHU0331,t1,i_ILROfferMax,0.001, 
TP32,WHU0331,t1,i_ILROfferPrice,0, 
TP32,WKO0331,t1,i_ILROfferMax,0.001, 
TP32,WKO0331,t1,i_ILROfferPrice,0, 
TP33,BOB1101,t1,i_ILROfferMax,4.203, 
TP33,BOB1101,t1,i_ILROfferPrice,0, 
TP33,CPK0331,t1,i_ILROfferMax,3.342, 
TP33,CPK0331,t1,i_ILROfferPrice,0.01, 
TP33,CPK0331,t2,i_ILROfferMax,2, 
TP33,CPK0331,t2,i_ILROfferPrice,5.15, 
TP33,CPK0331,t3,i_ILROfferMax,1.3, 
TP33,CPK0331,t3,i_ILROfferPrice,10.29, 
TP33,HAM0331,t1,i_ILROfferMax,4.258, 
TP33,HAM0331,t1,i_ILROfferPrice,0.01, 
TP33,HIN0331,t1,i_ILROfferMax,0.001, 
TP33,HIN0331,t1,i_ILROfferPrice,0, 
TP33,ISL0331,t1,i_ILROfferMax,0, 
TP33,ISL0331,t1,i_ILROfferPrice,0, 
TP33,KAW0111,t1,i_ILROfferMax,6, 
TP33,KAW0111,t1,i_ILROfferPrice,300, 
TP33,KAW0113,t1,i_ILROfferMax,28, 
TP33,KAW0113,t1,i_ILROfferPrice,0, 
TP33,KIN0331,t1,i_ILROfferMax,0, 
TP33,KIN0331,t1,i_ILROfferPrice,0, 
TP33,KMO0331,t1,i_ILROfferMax,0.001, 
TP33,KMO0331,t1,i_ILROfferPrice,0, 
TP33,KPU0661,t1,i_ILROfferMax,0.001, 
TP33,KPU0661,t1,i_ILROfferPrice,0, 
TP33,MPE1101,t1,i_ILROfferMax,4, 
TP33,MPE1101,t1,i_ILROfferPrice,0, 
TP33,PAO1101,t1,i_ILROfferMax,0.001, 
TP33,PAO1101,t1,i_ILROfferPrice,0, 
TP33,PEN0331,t1,i_ILROfferMax,12.275, 
TP33,PEN0331,t1,i_ILROfferPrice,0.01, 
TP33,PEN0331,t2,i_ILROfferMax,8.6, 
TP33,PEN0331,t2,i_ILROfferPrice,0.45, 
TP33,PEN0331,t3,i_ILROfferMax,5.7, 
TP33,PEN0331,t3,i_ILROfferPrice,2.95, 
TP33,WGN0331,t1,i_ILROfferMax,52.61, 
TP33,WGN0331,t1,i_ILROfferPrice,0.44, 
TP33,WGN0331,t2,i_ILROfferMax,87.684, 
TP33,WGN0331,t2,i_ILROfferPrice,1.05, 
TP33,WGN0331,t3,i_ILROfferMax,35.074, 
TP33,WGN0331,t3,i_ILROfferPrice,2.05, 
TP33,WHU0331,t1,i_ILROfferMax,0.001, 
TP33,WHU0331,t1,i_ILROfferPrice,0, 
TP33,WKO0331,t1,i_ILROfferMax,0.001, 
TP33,WKO0331,t1,i_ILROfferPrice,0, 
TP34,BOB1101,t1,i_ILROfferMax,4.5, 
TP34,BOB1101,t1,i_ILROfferPrice,0, 
TP34,CPK0331,t1,i_ILROfferMax,3.579, 
TP34,CPK0331,t1,i_ILROfferPrice,0.01, 
TP34,CPK0331,t2,i_ILROfferMax,2.1, 
TP34,CPK0331,t2,i_ILROfferPrice,5.15, 
TP34,CPK0331,t3,i_ILROfferMax,1.4, 
TP34,CPK0331,t3,i_ILROfferPrice,10.29, 
TP34,HAM0331,t1,i_ILROfferMax,4.476, 
TP34,HAM0331,t1,i_ILROfferPrice,0.01, 
TP34,HIN0331,t1,i_ILROfferMax,0.001, 
TP34,HIN0331,t1,i_ILROfferPrice,0, 
TP34,ISL0331,t1,i_ILROfferMax,0, 
TP34,ISL0331,t1,i_ILROfferPrice,0, 
TP34,KAW0111,t1,i_ILROfferMax,6, 
TP34,KAW0111,t1,i_ILROfferPrice,300, 
TP34,KAW0113,t1,i_ILROfferMax,28, 
TP34,KAW0113,t1,i_ILROfferPrice,0, 
TP34,KIN0331,t1,i_ILROfferMax,0, 
TP34,KIN0331,t1,i_ILROfferPrice,0, 
TP34,KMO0331,t1,i_ILROfferMax,0.001, 
TP34,KMO0331,t1,i_ILROfferPrice,0, 
TP34,KPU0661,t1,i_ILROfferMax,0.001, 
TP34,KPU0661,t1,i_ILROfferPrice,0, 
TP34,MPE1101,t1,i_ILROfferMax,5.5, 
TP34,MPE1101,t1,i_ILROfferPrice,0, 
TP34,PAO1101,t1,i_ILROfferMax,0.001, 
TP34,PAO1101,t1,i_ILROfferPrice,0, 
TP34,PEN0331,t1,i_ILROfferMax,12.94, 
TP34,PEN0331,t1,i_ILROfferPrice,0.01, 
TP34,PEN0331,t2,i_ILROfferMax,9.2, 
TP34,PEN0331,t2,i_ILROfferPrice,0.45, 
TP34,PEN0331,t3,i_ILROfferMax,5.9, 
TP34,PEN0331,t3,i_ILROfferPrice,2.95, 
TP34,WGN0331,t1,i_ILROfferMax,52.981, 
TP34,WGN0331,t1,i_ILROfferPrice,0.44, 
TP34,WGN0331,t2,i_ILROfferMax,88.302, 
TP34,WGN0331,t2,i_ILROfferPrice,2, 
TP34,WGN0331,t3,i_ILROfferMax,35.321, 
TP34,WGN0331,t3,i_ILROfferPrice,4, 
TP34,WHU0331,t1,i_ILROfferMax,0.001, 
TP34,WHU0331,t1,i_ILROfferPrice,0, 
TP34,WKO0331,t1,i_ILROfferMax,0.001, 
TP34,WKO0331,t1,i_ILROfferPrice,0, 
TP35,BOB1101,t1,i_ILROfferMax,4.797, 
TP35,BOB1101,t1,i_ILROfferPrice,0, 
TP35,CPK0331,t1,i_ILROfferMax,3.816, 
TP35,CPK0331,t1,i_ILROfferPrice,0.01, 
TP35,CPK0331,t2,i_ILROfferMax,2.3, 
TP35,CPK0331,t2,i_ILROfferPrice,5.15, 
TP35,CPK0331,t3,i_ILROfferMax,1.5, 
TP35,CPK0331,t3,i_ILROfferPrice,10.29, 
TP35,HAM0331,t1,i_ILROfferMax,4.978, 
TP35,HAM0331,t1,i_ILROfferPrice,0.01, 
TP35,HIN0331,t1,i_ILROfferMax,0.001, 
TP35,HIN0331,t1,i_ILROfferPrice,0, 
TP35,ISL0331,t1,i_ILROfferMax,0, 
TP35,ISL0331,t1,i_ILROfferPrice,0, 
TP35,KAW0111,t1,i_ILROfferMax,6, 
TP35,KAW0111,t1,i_ILROfferPrice,300, 
TP35,KAW0113,t1,i_ILROfferMax,28, 
TP35,KAW0113,t1,i_ILROfferPrice,0, 
TP35,KIN0331,t1,i_ILROfferMax,0, 
TP35,KIN0331,t1,i_ILROfferPrice,0, 
TP35,KMO0331,t1,i_ILROfferMax,0.001, 
TP35,KMO0331,t1,i_ILROfferPrice,0, 
TP35,KPU0661,t1,i_ILROfferMax,0.001, 
TP35,KPU0661,t1,i_ILROfferPrice,0, 
TP35,MPE1101,t1,i_ILROfferMax,2.5, 
TP35,MPE1101,t1,i_ILROfferPrice,0, 
TP35,PAO1101,t1,i_ILROfferMax,0.001, 
TP35,PAO1101,t1,i_ILROfferPrice,0, 
TP35,PEN0331,t1,i_ILROfferMax,15.585, 
TP35,PEN0331,t1,i_ILROfferPrice,0.01, 
TP35,PEN0331,t2,i_ILROfferMax,10.8, 
TP35,PEN0331,t2,i_ILROfferPrice,0.45, 
TP35,PEN0331,t3,i_ILROfferMax,7.2, 
TP35,PEN0331,t3,i_ILROfferPrice,2.95, 
TP35,WGN0331,t1,i_ILROfferMax,51.614, 
TP35,WGN0331,t1,i_ILROfferPrice,0.44, 
TP35,WGN0331,t2,i_ILROfferMax,86.024, 
TP35,WGN0331,t2,i_ILROfferPrice,2, 
TP35,WGN0331,t3,i_ILROfferMax,34.409, 
TP35,WGN0331,t3,i_ILROfferPrice,4, 
TP35,WHU0331,t1,i_ILROfferMax,0.001, 
TP35,WHU0331,t1,i_ILROfferPrice,0, 
TP35,WKO0331,t1,i_ILROfferMax,0.001, 
TP35,WKO0331,t1,i_ILROfferPrice,0, 
TP36,BOB1101,t1,i_ILROfferMax,5.094, 
TP36,BOB1101,t1,i_ILROfferPrice,0, 
TP36,CPK0331,t1,i_ILROfferMax,4.49, 
TP36,CPK0331,t1,i_ILROfferPrice,0.01, 
TP36,CPK0331,t2,i_ILROfferMax,2.7, 
TP36,CPK0331,t2,i_ILROfferPrice,5.15, 
TP36,CPK0331,t3,i_ILROfferMax,1.8, 
TP36,CPK0331,t3,i_ILROfferPrice,10.29, 
TP36,HAM0331,t1,i_ILROfferMax,5.059, 
TP36,HAM0331,t1,i_ILROfferPrice,0.01, 
TP36,HIN0331,t1,i_ILROfferMax,0.001, 
TP36,HIN0331,t1,i_ILROfferPrice,0, 
TP36,ISL0331,t1,i_ILROfferMax,0, 
TP36,ISL0331,t1,i_ILROfferPrice,0, 
TP36,KAW0111,t1,i_ILROfferMax,6, 
TP36,KAW0111,t1,i_ILROfferPrice,300, 
TP36,KAW0113,t1,i_ILROfferMax,28, 
TP36,KAW0113,t1,i_ILROfferPrice,0, 
TP36,KIN0331,t1,i_ILROfferMax,0, 
TP36,KIN0331,t1,i_ILROfferPrice,0, 
TP36,KMO0331,t1,i_ILROfferMax,0.001, 
TP36,KMO0331,t1,i_ILROfferPrice,0, 
TP36,KPU0661,t1,i_ILROfferMax,0.001, 
TP36,KPU0661,t1,i_ILROfferPrice,0, 
TP36,MPE1101,t1,i_ILROfferMax,0, 
TP36,MPE1101,t1,i_ILROfferPrice,0, 
TP36,PAO1101,t1,i_ILROfferMax,0.001, 
TP36,PAO1101,t1,i_ILROfferPrice,0, 
TP36,PEN0331,t1,i_ILROfferMax,19.315, 
TP36,PEN0331,t1,i_ILROfferPrice,0.01, 
TP36,PEN0331,t2,i_ILROfferMax,13.4, 
TP36,PEN0331,t2,i_ILROfferPrice,0.45, 
TP36,PEN0331,t3,i_ILROfferMax,8.9, 
TP36,PEN0331,t3,i_ILROfferPrice,2.95, 
TP36,WGN0331,t1,i_ILROfferMax,48.042, 
TP36,WGN0331,t1,i_ILROfferPrice,0.44, 
TP36,WGN0331,t2,i_ILROfferMax,80.069, 
TP36,WGN0331,t2,i_ILROfferPrice,2, 
TP36,WGN0331,t3,i_ILROfferMax,32.028, 
TP36,WGN0331,t3,i_ILROfferPrice,4, 
TP36,WHU0331,t1,i_ILROfferMax,0.001, 
TP36,WHU0331,t1,i_ILROfferPrice,0, 
TP36,WKO0331,t1,i_ILROfferMax,0.001, 
TP36,WKO0331,t1,i_ILROfferPrice,0, 
TP37,BOB1101,t1,i_ILROfferMax,5.243, 
TP37,BOB1101,t1,i_ILROfferPrice,0, 
TP37,CPK0331,t1,i_ILROfferMax,5.165, 
TP37,CPK0331,t1,i_ILROfferPrice,0.01, 
TP37,CPK0331,t2,i_ILROfferMax,3.1, 
TP37,CPK0331,t2,i_ILROfferPrice,5.15, 
TP37,CPK0331,t3,i_ILROfferMax,2.1, 
TP37,CPK0331,t3,i_ILROfferPrice,10.29, 
TP37,HAM0331,t1,i_ILROfferMax,5.373, 
TP37,HAM0331,t1,i_ILROfferPrice,0.01, 
TP37,HIN0331,t1,i_ILROfferMax,0.001, 
TP37,HIN0331,t1,i_ILROfferPrice,0, 
TP37,ISL0331,t1,i_ILROfferMax,0, 
TP37,ISL0331,t1,i_ILROfferPrice,0, 
TP37,KAW0111,t1,i_ILROfferMax,6, 
TP37,KAW0111,t1,i_ILROfferPrice,300, 
TP37,KAW0113,t1,i_ILROfferMax,28, 
TP37,KAW0113,t1,i_ILROfferPrice,0, 
TP37,KIN0331,t1,i_ILROfferMax,0, 
TP37,KIN0331,t1,i_ILROfferPrice,0, 
TP37,KMO0331,t1,i_ILROfferMax,0.001, 
TP37,KMO0331,t1,i_ILROfferPrice,0, 
TP37,KPU0661,t1,i_ILROfferMax,0.001, 
TP37,KPU0661,t1,i_ILROfferPrice,0, 
TP37,MPE1101,t1,i_ILROfferMax,0, 
TP37,MPE1101,t1,i_ILROfferPrice,0, 
TP37,PAO1101,t1,i_ILROfferMax,0.001, 
TP37,PAO1101,t1,i_ILROfferPrice,0, 
TP37,PEN0331,t1,i_ILROfferMax,22.385, 
TP37,PEN0331,t1,i_ILROfferPrice,0.01, 
TP37,PEN0331,t2,i_ILROfferMax,15.4, 
TP37,PEN0331,t2,i_ILROfferPrice,0.45, 
TP37,PEN0331,t3,i_ILROfferMax,10.4, 
TP37,PEN0331,t3,i_ILROfferPrice,2.95, 
TP37,WGN0331,t1,i_ILROfferMax,35.962, 
TP37,WGN0331,t1,i_ILROfferPrice,0.44, 
TP37,WGN0331,t2,i_ILROfferMax,59.936, 
TP37,WGN0331,t2,i_ILROfferPrice,2, 
TP37,WGN0331,t3,i_ILROfferMax,23.974, 
TP37,WGN0331,t3,i_ILROfferPrice,4, 
TP37,WHU0331,t1,i_ILROfferMax,0.001, 
TP37,WHU0331,t1,i_ILROfferPrice,0, 
TP37,WKO0331,t1,i_ILROfferMax,0.001, 
TP37,WKO0331,t1,i_ILROfferPrice,0, 
TP38,BOB1101,t1,i_ILROfferMax,5.317, 
TP38,BOB1101,t1,i_ILROfferPrice,0, 
TP38,CPK0331,t1,i_ILROfferMax,5.437, 
TP38,CPK0331,t1,i_ILROfferPrice,0.01, 
TP38,CPK0331,t2,i_ILROfferMax,3.3, 
TP38,CPK0331,t2,i_ILROfferPrice,5.15, 
TP38,CPK0331,t3,i_ILROfferMax,2.2, 
TP38,CPK0331,t3,i_ILROfferPrice,10.29, 
TP38,HAM0331,t1,i_ILROfferMax,5.85, 
TP38,HAM0331,t1,i_ILROfferPrice,0.01, 
TP38,HIN0331,t1,i_ILROfferMax,0.001, 
TP38,HIN0331,t1,i_ILROfferPrice,0, 
TP38,ISL0331,t1,i_ILROfferMax,0, 
TP38,ISL0331,t1,i_ILROfferPrice,0, 
TP38,KAW0111,t1,i_ILROfferMax,6, 
TP38,KAW0111,t1,i_ILROfferPrice,300, 
TP38,KAW0113,t1,i_ILROfferMax,28, 
TP38,KAW0113,t1,i_ILROfferPrice,0, 
TP38,KIN0331,t1,i_ILROfferMax,0, 
TP38,KIN0331,t1,i_ILROfferPrice,0, 
TP38,KMO0331,t1,i_ILROfferMax,0.001, 
TP38,KMO0331,t1,i_ILROfferPrice,0, 
TP38,KPU0661,t1,i_ILROfferMax,0.001, 
TP38,KPU0661,t1,i_ILROfferPrice,0, 
TP38,MPE1101,t1,i_ILROfferMax,0, 
TP38,MPE1101,t1,i_ILROfferPrice,0, 
TP38,PAO1101,t1,i_ILROfferMax,0.001, 
TP38,PAO1101,t1,i_ILROfferPrice,0, 
TP38,PEN0331,t1,i_ILROfferMax,24.475, 
TP38,PEN0331,t1,i_ILROfferPrice,0.01, 
TP38,PEN0331,t2,i_ILROfferMax,17.3, 
TP38,PEN0331,t2,i_ILROfferPrice,0.45, 
TP38,PEN0331,t3,i_ILROfferMax,11.2, 
TP38,PEN0331,t3,i_ILROfferPrice,2.95, 
TP38,WGN0331,t1,i_ILROfferMax,35.92, 
TP38,WGN0331,t1,i_ILROfferPrice,0.44, 
TP38,WGN0331,t2,i_ILROfferMax,59.866, 
TP38,WGN0331,t2,i_ILROfferPrice,2, 
TP38,WGN0331,t3,i_ILROfferMax,23.947, 
TP38,WGN0331,t3,i_ILROfferPrice,4, 
TP38,WHU0331,t1,i_ILROfferMax,0.001, 
TP38,WHU0331,t1,i_ILROfferPrice,0, 
TP38,WKO0331,t1,i_ILROfferMax,0.001, 
TP38,WKO0331,t1,i_ILROfferPrice,0, 
TP39,BOB1101,t1,i_ILROfferMax,5.465, 
TP39,BOB1101,t1,i_ILROfferPrice,0, 
TP39,CPK0331,t1,i_ILROfferMax,5.709, 
TP39,CPK0331,t1,i_ILROfferPrice,0.01, 
TP39,CPK0331,t2,i_ILROfferMax,3.4, 
TP39,CPK0331,t2,i_ILROfferPrice,5.15, 
TP39,CPK0331,t3,i_ILROfferMax,2.3, 
TP39,CPK0331,t3,i_ILROfferPrice,10.29, 
TP39,HAM0331,t1,i_ILROfferMax,6.463, 
TP39,HAM0331,t1,i_ILROfferPrice,0.01, 
TP39,HIN0331,t1,i_ILROfferMax,0.001, 
TP39,HIN0331,t1,i_ILROfferPrice,0, 
TP39,ISL0331,t1,i_ILROfferMax,0, 
TP39,ISL0331,t1,i_ILROfferPrice,0, 
TP39,KAW0111,t1,i_ILROfferMax,6, 
TP39,KAW0111,t1,i_ILROfferPrice,300, 
TP39,KAW0113,t1,i_ILROfferMax,28, 
TP39,KAW0113,t1,i_ILROfferPrice,0, 
TP39,KIN0331,t1,i_ILROfferMax,0, 
TP39,KIN0331,t1,i_ILROfferPrice,0, 
TP39,KMO0331,t1,i_ILROfferMax,0.001, 
TP39,KMO0331,t1,i_ILROfferPrice,0, 
TP39,KPU0661,t1,i_ILROfferMax,0.001, 
TP39,KPU0661,t1,i_ILROfferPrice,0, 
TP39,MPE1101,t1,i_ILROfferMax,0, 
TP39,MPE1101,t1,i_ILROfferPrice,0, 
TP39,PAO1101,t1,i_ILROfferMax,0.001, 
TP39,PAO1101,t1,i_ILROfferPrice,0, 
TP39,PEN0331,t1,i_ILROfferMax,23.425, 
TP39,PEN0331,t1,i_ILROfferPrice,0.01, 
TP39,PEN0331,t2,i_ILROfferMax,17.2, 
TP39,PEN0331,t2,i_ILROfferPrice,0.45, 
TP39,PEN0331,t3,i_ILROfferMax,10.6, 
TP39,PEN0331,t3,i_ILROfferPrice,2.95, 
TP39,WGN0331,t1,i_ILROfferMax,46.561, 
TP39,WGN0331,t1,i_ILROfferPrice,0.44, 
TP39,WGN0331,t2,i_ILROfferMax,77.601, 
TP39,WGN0331,t2,i_ILROfferPrice,2, 
TP39,WGN0331,t3,i_ILROfferMax,31.041, 
TP39,WGN0331,t3,i_ILROfferPrice,4, 
TP39,WHU0331,t1,i_ILROfferMax,0.001, 
TP39,WHU0331,t1,i_ILROfferPrice,0, 
TP39,WKO0331,t1,i_ILROfferMax,0.001, 
TP39,WKO0331,t1,i_ILROfferPrice,0, 
TP40,BOB1101,t1,i_ILROfferMax,5.614, 
TP40,BOB1101,t1,i_ILROfferPrice,0, 
TP40,CPK0331,t1,i_ILROfferMax,5.718, 
TP40,CPK0331,t1,i_ILROfferPrice,0.01, 
TP40,CPK0331,t2,i_ILROfferMax,3.4, 
TP40,CPK0331,t2,i_ILROfferPrice,5.15, 
TP40,CPK0331,t3,i_ILROfferMax,2.3, 
TP40,CPK0331,t3,i_ILROfferPrice,10.29, 
TP40,HAM0331,t1,i_ILROfferMax,6.561, 
TP40,HAM0331,t1,i_ILROfferPrice,0.01, 
TP40,HIN0331,t1,i_ILROfferMax,0.001, 
TP40,HIN0331,t1,i_ILROfferPrice,0, 
TP40,ISL0331,t1,i_ILROfferMax,0, 
TP40,ISL0331,t1,i_ILROfferPrice,0, 
TP40,KAW0111,t1,i_ILROfferMax,6, 
TP40,KAW0111,t1,i_ILROfferPrice,300, 
TP40,KAW0113,t1,i_ILROfferMax,28, 
TP40,KAW0113,t1,i_ILROfferPrice,0, 
TP40,KIN0331,t1,i_ILROfferMax,0, 
TP40,KIN0331,t1,i_ILROfferPrice,0, 
TP40,KMO0331,t1,i_ILROfferMax,0.001, 
TP40,KMO0331,t1,i_ILROfferPrice,0, 
TP40,KPU0661,t1,i_ILROfferMax,0.001, 
TP40,KPU0661,t1,i_ILROfferPrice,0, 
TP40,MPE1101,t1,i_ILROfferMax,0, 
TP40,MPE1101,t1,i_ILROfferPrice,0, 
TP40,PAO1101,t1,i_ILROfferMax,0.001, 
TP40,PAO1101,t1,i_ILROfferPrice,0, 
TP40,PEN0331,t1,i_ILROfferMax,22.225, 
TP40,PEN0331,t1,i_ILROfferPrice,0.01, 
TP40,PEN0331,t2,i_ILROfferMax,16.6, 
TP40,PEN0331,t2,i_ILROfferPrice,0.45, 
TP40,PEN0331,t3,i_ILROfferMax,10, 
TP40,PEN0331,t3,i_ILROfferPrice,2.95, 
TP40,WGN0331,t1,i_ILROfferMax,46.53, 
TP40,WGN0331,t1,i_ILROfferPrice,0.44, 
TP40,WGN0331,t2,i_ILROfferMax,77.55, 
TP40,WGN0331,t2,i_ILROfferPrice,2, 
TP40,WGN0331,t3,i_ILROfferMax,31.02, 
TP40,WGN0331,t3,i_ILROfferPrice,4, 
TP40,WHU0331,t1,i_ILROfferMax,0.001, 
TP40,WHU0331,t1,i_ILROfferPrice,0, 
TP40,WKO0331,t1,i_ILROfferMax,0.001, 
TP40,WKO0331,t1,i_ILROfferPrice,0, 
TP41,BOB1101,t1,i_ILROfferMax,5.762, 
TP41,BOB1101,t1,i_ILROfferPrice,0, 
TP41,CPK0331,t1,i_ILROfferMax,5.629, 
TP41,CPK0331,t1,i_ILROfferPrice,0.01, 
TP41,CPK0331,t2,i_ILROfferMax,3.4, 
TP41,CPK0331,t2,i_ILROfferPrice,5.15, 
TP41,CPK0331,t3,i_ILROfferMax,2.3, 
TP41,CPK0331,t3,i_ILROfferPrice,10.29, 
TP41,HAM0331,t1,i_ILROfferMax,5.764, 
TP41,HAM0331,t1,i_ILROfferPrice,0.01, 
TP41,HIN0331,t1,i_ILROfferMax,0.001, 
TP41,HIN0331,t1,i_ILROfferPrice,0, 
TP41,ISL0331,t1,i_ILROfferMax,0, 
TP41,ISL0331,t1,i_ILROfferPrice,0, 
TP41,KAW0111,t1,i_ILROfferMax,6, 
TP41,KAW0111,t1,i_ILROfferPrice,300, 
TP41,KAW0113,t1,i_ILROfferMax,28, 
TP41,KAW0113,t1,i_ILROfferPrice,0, 
TP41,KIN0331,t1,i_ILROfferMax,0, 
TP41,KIN0331,t1,i_ILROfferPrice,0, 
TP41,KMO0331,t1,i_ILROfferMax,0.001, 
TP41,KMO0331,t1,i_ILROfferPrice,0, 
TP41,KPU0661,t1,i_ILROfferMax,0.001, 
TP41,KPU0661,t1,i_ILROfferPrice,0, 
TP41,MPE1101,t1,i_ILROfferMax,0, 
TP41,MPE1101,t1,i_ILROfferPrice,0, 
TP41,PAO1101,t1,i_ILROfferMax,0.001, 
TP41,PAO1101,t1,i_ILROfferPrice,0, 
TP41,PEN0331,t1,i_ILROfferMax,21.55, 
TP41,PEN0331,t1,i_ILROfferPrice,0.01, 
TP41,PEN0331,t2,i_ILROfferMax,12.5, 
TP41,PEN0331,t2,i_ILROfferPrice,0.45, 
TP41,PEN0331,t3,i_ILROfferMax,10.4, 
TP41,PEN0331,t3,i_ILROfferPrice,2.95, 
TP41,WGN0331,t1,i_ILROfferMax,48.768, 
TP41,WGN0331,t1,i_ILROfferPrice,0.44, 
TP41,WGN0331,t2,i_ILROfferMax,81.28, 
TP41,WGN0331,t2,i_ILROfferPrice,2, 
TP41,WGN0331,t3,i_ILROfferMax,32.512, 
TP41,WGN0331,t3,i_ILROfferPrice,4, 
TP41,WHU0331,t1,i_ILROfferMax,0.001, 
TP41,WHU0331,t1,i_ILROfferPrice,0, 
TP41,WKO0331,t1,i_ILROfferMax,0.001, 
TP41,WKO0331,t1,i_ILROfferPrice,0, 
TP42,BOB1101,t1,i_ILROfferMax,5.596, 
TP42,BOB1101,t1,i_ILROfferPrice,0, 
TP42,CPK0331,t1,i_ILROfferMax,5.629, 
TP42,CPK0331,t1,i_ILROfferPrice,0.01, 
TP42,CPK0331,t2,i_ILROfferMax,3.4, 
TP42,CPK0331,t2,i_ILROfferPrice,5.15, 
TP42,CPK0331,t3,i_ILROfferMax,2.3, 
TP42,CPK0331,t3,i_ILROfferPrice,10.29, 
TP42,HAM0331,t1,i_ILROfferMax,5.626, 
TP42,HAM0331,t1,i_ILROfferPrice,0.01, 
TP42,HIN0331,t1,i_ILROfferMax,0.001, 
TP42,HIN0331,t1,i_ILROfferPrice,0, 
TP42,ISL0331,t1,i_ILROfferMax,0, 
TP42,ISL0331,t1,i_ILROfferPrice,0, 
TP42,KAW0111,t1,i_ILROfferMax,6, 
TP42,KAW0111,t1,i_ILROfferPrice,300, 
TP42,KAW0113,t1,i_ILROfferMax,28, 
TP42,KAW0113,t1,i_ILROfferPrice,0, 
TP42,KIN0331,t1,i_ILROfferMax,0, 
TP42,KIN0331,t1,i_ILROfferPrice,0, 
TP42,KMO0331,t1,i_ILROfferMax,0.001, 
TP42,KMO0331,t1,i_ILROfferPrice,0, 
TP42,KPU0661,t1,i_ILROfferMax,0.001, 
TP42,KPU0661,t1,i_ILROfferPrice,0, 
TP42,MPE1101,t1,i_ILROfferMax,0, 
TP42,MPE1101,t1,i_ILROfferPrice,0, 
TP42,PAO1101,t1,i_ILROfferMax,0.001, 
TP42,PAO1101,t1,i_ILROfferPrice,0, 
TP42,PEN0331,t1,i_ILROfferMax,19.04, 
TP42,PEN0331,t1,i_ILROfferPrice,0.01, 
TP42,PEN0331,t2,i_ILROfferMax,11, 
TP42,PEN0331,t2,i_ILROfferPrice,0.45, 
TP42,PEN0331,t3,i_ILROfferMax,9.2, 
TP42,PEN0331,t3,i_ILROfferPrice,2.95, 
TP42,WGN0331,t1,i_ILROfferMax,50.227, 
TP42,WGN0331,t1,i_ILROfferPrice,0.44, 
TP42,WGN0331,t2,i_ILROfferMax,83.712, 
TP42,WGN0331,t2,i_ILROfferPrice,2, 
TP42,WGN0331,t3,i_ILROfferMax,33.485, 
TP42,WGN0331,t3,i_ILROfferPrice,4, 
TP42,WHU0331,t1,i_ILROfferMax,0.001, 
TP42,WHU0331,t1,i_ILROfferPrice,0, 
TP42,WKO0331,t1,i_ILROfferMax,0.001, 
TP42,WKO0331,t1,i_ILROfferPrice,0, 
TP43,BOB1101,t1,i_ILROfferMax,5.985, 
TP43,BOB1101,t1,i_ILROfferPrice,0, 
TP43,CPK0331,t1,i_ILROfferMax,5.526, 
TP43,CPK0331,t1,i_ILROfferPrice,0.01, 
TP43,CPK0331,t2,i_ILROfferMax,3.3, 
TP43,CPK0331,t2,i_ILROfferPrice,5.15, 
TP43,CPK0331,t3,i_ILROfferMax,2.2, 
TP43,CPK0331,t3,i_ILROfferPrice,10.29, 
TP43,HAM0331,t1,i_ILROfferMax,5.252, 
TP43,HAM0331,t1,i_ILROfferPrice,0.01, 
TP43,HIN0331,t1,i_ILROfferMax,0.001, 
TP43,HIN0331,t1,i_ILROfferPrice,0, 
TP43,ISL0331,t1,i_ILROfferMax,0, 
TP43,ISL0331,t1,i_ILROfferPrice,0, 
TP43,KAW0111,t1,i_ILROfferMax,6, 
TP43,KAW0111,t1,i_ILROfferPrice,300, 
TP43,KAW0113,t1,i_ILROfferMax,28, 
TP43,KAW0113,t1,i_ILROfferPrice,0, 
TP43,KIN0331,t1,i_ILROfferMax,0, 
TP43,KIN0331,t1,i_ILROfferPrice,0, 
TP43,KMO0331,t1,i_ILROfferMax,0.001, 
TP43,KMO0331,t1,i_ILROfferPrice,0, 
TP43,KPU0661,t1,i_ILROfferMax,0.001, 
TP43,KPU0661,t1,i_ILROfferPrice,0, 
TP43,MPE1101,t1,i_ILROfferMax,2, 
TP43,MPE1101,t1,i_ILROfferPrice,0, 
TP43,PAO1101,t1,i_ILROfferMax,0.001, 
TP43,PAO1101,t1,i_ILROfferPrice,0, 
TP43,PEN0331,t1,i_ILROfferMax,17.675, 
TP43,PEN0331,t1,i_ILROfferPrice,0.01, 
TP43,PEN0331,t2,i_ILROfferMax,10.3, 
TP43,PEN0331,t2,i_ILROfferPrice,0.45, 
TP43,PEN0331,t3,i_ILROfferMax,8.6, 
TP43,PEN0331,t3,i_ILROfferPrice,2.95, 
TP43,WGN0331,t1,i_ILROfferMax,50.065, 
TP43,WGN0331,t1,i_ILROfferPrice,0.44, 
TP43,WGN0331,t2,i_ILROfferMax,83.442, 
TP43,WGN0331,t2,i_ILROfferPrice,0.9, 
TP43,WGN0331,t3,i_ILROfferMax,33.377, 
TP43,WGN0331,t3,i_ILROfferPrice,4, 
TP43,WHU0331,t1,i_ILROfferMax,0.001, 
TP43,WHU0331,t1,i_ILROfferPrice,0, 
TP43,WKO0331,t1,i_ILROfferMax,0.001, 
TP43,WKO0331,t1,i_ILROfferPrice,0, 
TP44,BOB1101,t1,i_ILROfferMax,4.941, 
TP44,BOB1101,t1,i_ILROfferPrice,0, 
TP44,CPK0331,t1,i_ILROfferMax,5.526, 
TP44,CPK0331,t1,i_ILROfferPrice,0.01, 
TP44,CPK0331,t2,i_ILROfferMax,3.3, 
TP44,CPK0331,t2,i_ILROfferPrice,5.15, 
TP44,CPK0331,t3,i_ILROfferMax,2.2, 
TP44,CPK0331,t3,i_ILROfferPrice,10.29, 
TP44,HAM0331,t1,i_ILROfferMax,4.477, 
TP44,HAM0331,t1,i_ILROfferPrice,0.01, 
TP44,HIN0331,t1,i_ILROfferMax,0.001, 
TP44,HIN0331,t1,i_ILROfferPrice,0, 
TP44,ISL0331,t1,i_ILROfferMax,0, 
TP44,ISL0331,t1,i_ILROfferPrice,0, 
TP44,KAW0111,t1,i_ILROfferMax,6, 
TP44,KAW0111,t1,i_ILROfferPrice,300, 
TP44,KAW0113,t1,i_ILROfferMax,28, 
TP44,KAW0113,t1,i_ILROfferPrice,0, 
TP44,KIN0331,t1,i_ILROfferMax,0, 
TP44,KIN0331,t1,i_ILROfferPrice,0, 
TP44,KMO0331,t1,i_ILROfferMax,0.001, 
TP44,KMO0331,t1,i_ILROfferPrice,0, 
TP44,KPU0661,t1,i_ILROfferMax,0.001, 
TP44,KPU0661,t1,i_ILROfferPrice,0, 
TP44,MPE1101,t1,i_ILROfferMax,5.5, 
TP44,MPE1101,t1,i_ILROfferPrice,0, 
TP44,PAO1101,t1,i_ILROfferMax,0.001, 
TP44,PAO1101,t1,i_ILROfferPrice,0, 
TP44,PEN0331,t1,i_ILROfferMax,16.685, 
TP44,PEN0331,t1,i_ILROfferPrice,0.01, 
TP44,PEN0331,t2,i_ILROfferMax,9.8, 
TP44,PEN0331,t2,i_ILROfferPrice,0.45, 
TP44,PEN0331,t3,i_ILROfferMax,8.1, 
TP44,PEN0331,t3,i_ILROfferPrice,2.95, 
TP44,WGN0331,t1,i_ILROfferMax,52.158, 
TP44,WGN0331,t1,i_ILROfferPrice,0.44, 
TP44,WGN0331,t2,i_ILROfferMax,86.929, 
TP44,WGN0331,t2,i_ILROfferPrice,0.9, 
TP44,WGN0331,t3,i_ILROfferMax,34.772, 
TP44,WGN0331,t3,i_ILROfferPrice,4, 
TP44,WHU0331,t1,i_ILROfferMax,0.001, 
TP44,WHU0331,t1,i_ILROfferPrice,0, 
TP44,WKO0331,t1,i_ILROfferMax,0.001, 
TP44,WKO0331,t1,i_ILROfferPrice,0, 
TP45,BOB1101,t1,i_ILROfferMax,4.311, 
TP45,BOB1101,t1,i_ILROfferPrice,0, 
TP45,CPK0331,t1,i_ILROfferMax,5.553, 
TP45,CPK0331,t1,i_ILROfferPrice,0.01, 
TP45,CPK0331,t2,i_ILROfferMax,3.3, 
TP45,CPK0331,t2,i_ILROfferPrice,5.15, 
TP45,CPK0331,t3,i_ILROfferMax,2.2, 
TP45,CPK0331,t3,i_ILROfferPrice,10.29, 
TP45,HAM0331,t1,i_ILROfferMax,3.862, 
TP45,HAM0331,t1,i_ILROfferPrice,0.01, 
TP45,HIN0331,t1,i_ILROfferMax,0.001, 
TP45,HIN0331,t1,i_ILROfferPrice,0, 
TP45,ISL0331,t1,i_ILROfferMax,0, 
TP45,ISL0331,t1,i_ILROfferPrice,0, 
TP45,KAW0111,t1,i_ILROfferMax,6, 
TP45,KAW0111,t1,i_ILROfferPrice,300, 
TP45,KAW0113,t1,i_ILROfferMax,28, 
TP45,KAW0113,t1,i_ILROfferPrice,0, 
TP45,KIN0331,t1,i_ILROfferMax,0, 
TP45,KIN0331,t1,i_ILROfferPrice,0, 
TP45,KMO0331,t1,i_ILROfferMax,0.001, 
TP45,KMO0331,t1,i_ILROfferPrice,0, 
TP45,KPU0661,t1,i_ILROfferMax,0.001, 
TP45,KPU0661,t1,i_ILROfferPrice,0, 
TP45,MPE1101,t1,i_ILROfferMax,5.5, 
TP45,MPE1101,t1,i_ILROfferPrice,0, 
TP45,PAO1101,t1,i_ILROfferMax,0.001, 
TP45,PAO1101,t1,i_ILROfferPrice,0, 
TP45,PEN0331,t1,i_ILROfferMax,14.875, 
TP45,PEN0331,t1,i_ILROfferPrice,0.01, 
TP45,PEN0331,t2,i_ILROfferMax,8.4, 
TP45,PEN0331,t2,i_ILROfferPrice,0.45, 
TP45,PEN0331,t3,i_ILROfferMax,7.3, 
TP45,PEN0331,t3,i_ILROfferPrice,2.95, 
TP45,WGN0331,t1,i_ILROfferMax,55.042, 
TP45,WGN0331,t1,i_ILROfferPrice,0.44, 
TP45,WGN0331,t2,i_ILROfferMax,91.736, 
TP45,WGN0331,t2,i_ILROfferPrice,0.9, 
TP45,WGN0331,t3,i_ILROfferMax,36.694, 
TP45,WGN0331,t3,i_ILROfferPrice,4, 
TP45,WHU0331,t1,i_ILROfferMax,0.001, 
TP45,WHU0331,t1,i_ILROfferPrice,0, 
TP45,WKO0331,t1,i_ILROfferMax,0.001, 
TP45,WKO0331,t1,i_ILROfferPrice,0, 
TP46,BOB1101,t1,i_ILROfferMax,3.69, 
TP46,BOB1101,t1,i_ILROfferPrice,0, 
TP46,CPK0331,t1,i_ILROfferMax,4.972, 
TP46,CPK0331,t1,i_ILROfferPrice,0.01, 
TP46,CPK0331,t2,i_ILROfferMax,3, 
TP46,CPK0331,t2,i_ILROfferPrice,5.15, 
TP46,CPK0331,t3,i_ILROfferMax,2, 
TP46,CPK0331,t3,i_ILROfferPrice,10.29, 
TP46,HAM0331,t1,i_ILROfferMax,3.635, 
TP46,HAM0331,t1,i_ILROfferPrice,0.01, 
TP46,HIN0331,t1,i_ILROfferMax,0.001, 
TP46,HIN0331,t1,i_ILROfferPrice,0, 
TP46,ISL0331,t1,i_ILROfferMax,0, 
TP46,ISL0331,t1,i_ILROfferPrice,0, 
TP46,KAW0111,t1,i_ILROfferMax,6, 
TP46,KAW0111,t1,i_ILROfferPrice,300, 
TP46,KAW0113,t1,i_ILROfferMax,28, 
TP46,KAW0113,t1,i_ILROfferPrice,0, 
TP46,KIN0331,t1,i_ILROfferMax,0, 
TP46,KIN0331,t1,i_ILROfferPrice,0, 
TP46,KMO0331,t1,i_ILROfferMax,0.001, 
TP46,KMO0331,t1,i_ILROfferPrice,0, 
TP46,KPU0661,t1,i_ILROfferMax,0.001, 
TP46,KPU0661,t1,i_ILROfferPrice,0, 
TP46,MPE1101,t1,i_ILROfferMax,4, 
TP46,MPE1101,t1,i_ILROfferPrice,0, 
TP46,PAO1101,t1,i_ILROfferMax,0.001, 
TP46,PAO1101,t1,i_ILROfferPrice,0, 
TP46,PEN0331,t1,i_ILROfferMax,14.015, 
TP46,PEN0331,t1,i_ILROfferPrice,0.01, 
TP46,PEN0331,t2,i_ILROfferMax,7.7, 
TP46,PEN0331,t2,i_ILROfferPrice,0.45, 
TP46,PEN0331,t3,i_ILROfferMax,6.9, 
TP46,PEN0331,t3,i_ILROfferPrice,2.95, 
TP46,WGN0331,t1,i_ILROfferMax,54.498, 
TP46,WGN0331,t1,i_ILROfferPrice,0.44, 
TP46,WGN0331,t2,i_ILROfferMax,90.83, 
TP46,WGN0331,t2,i_ILROfferPrice,0.9, 
TP46,WGN0331,t3,i_ILROfferMax,36.332, 
TP46,WGN0331,t3,i_ILROfferPrice,2.05, 
TP46,WHU0331,t1,i_ILROfferMax,0.001, 
TP46,WHU0331,t1,i_ILROfferPrice,0, 
TP46,WKO0331,t1,i_ILROfferMax,0.001, 
TP46,WKO0331,t1,i_ILROfferPrice,0, 
TP47,BOB1101,t1,i_ILROfferMax,2.835, 
TP47,BOB1101,t1,i_ILROfferPrice,0, 
TP47,CPK0331,t1,i_ILROfferMax,2.629, 
TP47,CPK0331,t1,i_ILROfferPrice,0.01, 
TP47,CPK0331,t2,i_ILROfferMax,1.6, 
TP47,CPK0331,t2,i_ILROfferPrice,5.15, 
TP47,CPK0331,t3,i_ILROfferMax,1.1, 
TP47,CPK0331,t3,i_ILROfferPrice,10.29, 
TP47,HAM0331,t1,i_ILROfferMax,3.332, 
TP47,HAM0331,t1,i_ILROfferPrice,0.01, 
TP47,HIN0331,t1,i_ILROfferMax,0.001, 
TP47,HIN0331,t1,i_ILROfferPrice,0, 
TP47,ISL0331,t1,i_ILROfferMax,0, 
TP47,ISL0331,t1,i_ILROfferPrice,0, 
TP47,KAW0111,t1,i_ILROfferMax,6, 
TP47,KAW0111,t1,i_ILROfferPrice,300, 
TP47,KAW0113,t1,i_ILROfferMax,56, 
TP47,KAW0113,t1,i_ILROfferPrice,0, 
TP47,KIN0331,t1,i_ILROfferMax,0, 
TP47,KIN0331,t1,i_ILROfferPrice,0, 
TP47,KMO0331,t1,i_ILROfferMax,0.001, 
TP47,KMO0331,t1,i_ILROfferPrice,0, 
TP47,KPU0661,t1,i_ILROfferMax,0.001, 
TP47,KPU0661,t1,i_ILROfferPrice,0, 
TP47,MPE1101,t1,i_ILROfferMax,4, 
TP47,MPE1101,t1,i_ILROfferPrice,0, 
TP47,PAO1101,t1,i_ILROfferMax,0.001, 
TP47,PAO1101,t1,i_ILROfferPrice,0, 
TP47,PEN0331,t1,i_ILROfferMax,12.75, 
TP47,PEN0331,t1,i_ILROfferPrice,0.01, 
TP47,PEN0331,t2,i_ILROfferMax,7, 
TP47,PEN0331,t2,i_ILROfferPrice,0.45, 
TP47,PEN0331,t3,i_ILROfferMax,6.3, 
TP47,PEN0331,t3,i_ILROfferPrice,2.95, 
TP47,WGN0331,t1,i_ILROfferMax,53.793, 
TP47,WGN0331,t1,i_ILROfferPrice,0.44, 
TP47,WGN0331,t2,i_ILROfferMax,89.655, 
TP47,WGN0331,t2,i_ILROfferPrice,0.9, 
TP47,WGN0331,t3,i_ILROfferMax,35.862, 
TP47,WGN0331,t3,i_ILROfferPrice,2.05, 
TP47,WHU0331,t1,i_ILROfferMax,0.001, 
TP47,WHU0331,t1,i_ILROfferPrice,0, 
TP47,WKO0331,t1,i_ILROfferMax,0.001, 
TP47,WKO0331,t1,i_ILROfferPrice,0, 
TP48,BOB1101,t1,i_ILROfferMax,3.03, 
TP48,BOB1101,t1,i_ILROfferPrice,0, 
TP48,CPK0331,t1,i_ILROfferMax,2.629, 
TP48,CPK0331,t1,i_ILROfferPrice,0.01, 
TP48,CPK0331,t2,i_ILROfferMax,1.6, 
TP48,CPK0331,t2,i_ILROfferPrice,5.15, 
TP48,CPK0331,t3,i_ILROfferMax,1.1, 
TP48,CPK0331,t3,i_ILROfferPrice,10.29, 
TP48,HAM0331,t1,i_ILROfferMax,2.694, 
TP48,HAM0331,t1,i_ILROfferPrice,0.01, 
TP48,HIN0331,t1,i_ILROfferMax,0.001, 
TP48,HIN0331,t1,i_ILROfferPrice,0, 
TP48,ISL0331,t1,i_ILROfferMax,0, 
TP48,ISL0331,t1,i_ILROfferPrice,0, 
TP48,KAW0111,t1,i_ILROfferMax,6, 
TP48,KAW0111,t1,i_ILROfferPrice,300, 
TP48,KAW0113,t1,i_ILROfferMax,56, 
TP48,KAW0113,t1,i_ILROfferPrice,0, 
TP48,KIN0331,t1,i_ILROfferMax,0, 
TP48,KIN0331,t1,i_ILROfferPrice,0, 
TP48,KMO0331,t1,i_ILROfferMax,0.001, 
TP48,KMO0331,t1,i_ILROfferPrice,0, 
TP48,KPU0661,t1,i_ILROfferMax,0.001, 
TP48,KPU0661,t1,i_ILROfferPrice,0, 
TP48,MPE1101,t1,i_ILROfferMax,4, 
TP48,MPE1101,t1,i_ILROfferPrice,0, 
TP48,PAO1101,t1,i_ILROfferMax,0.001, 
TP48,PAO1101,t1,i_ILROfferPrice,0, 
TP48,PEN0331,t1,i_ILROfferMax,11.8, 
TP48,PEN0331,t1,i_ILROfferPrice,0.01, 
TP48,PEN0331,t2,i_ILROfferMax,6.5, 
TP48,PEN0331,t2,i_ILROfferPrice,0.45, 
TP48,PEN0331,t3,i_ILROfferMax,5.8, 
TP48,PEN0331,t3,i_ILROfferPrice,2.95, 
TP48,WGN0331,t1,i_ILROfferMax,53.031, 
TP48,WGN0331,t1,i_ILROfferPrice,0.44, 
TP48,WGN0331,t2,i_ILROfferMax,88.386, 
TP48,WGN0331,t2,i_ILROfferPrice,0.9, 
TP48,WGN0331,t3,i_ILROfferMax,35.354, 
TP48,WGN0331,t3,i_ILROfferPrice,2.05, 
TP48,WHU0331,t1,i_ILROfferMax,0.001, 
TP48,WHU0331,t1,i_ILROfferPrice,0, 
TP48,WKO0331,t1,i_ILROfferMax,0.001, 
TP48,WKO0331,t1,i_ILROfferPrice,0,
